{"stats":{"minecraft:used":{"minecraft:stone_sword":7,"minecraft:stone_pickaxe":1,"minecraft:iron_pickaxe":41,"minecraft:iron_helmet":1,"minecraft:iron_sword":7,"minecraft:lime_shulker_box":2},"minecraft:mined":{"minecraft:deepslate_redstone_ore":1,"minecraft:raw_iron_block":1,"minecraft:raw_gold_block":3,"minecraft:deepslate_diamond_ore":3,"minecraft:lapis_block":1,"minecraft:diamond_block":6,"minecraft:deepslate_lapis_ore":3,"minecraft:deepslate_coal_ore":2,"minecraft:stone":10,"minecraft:deepslate_gold_ore":4,"minecraft:iron_block":5,"minecraft:deepslate_emerald_ore":3},"minecraft:picked_up":{"minecraft:raw_iron":2,"minecraft:raw_gold_block":5,"minecraft:raw_iron_block":1,"minecraft:gold_block":1,"minecraft:diamond_block":6,"minecraft:redstone":5,"minecraft:lapis_block":1,"minecraft:lapis_lazuli":18,"minecraft:rotten_flesh":2,"minecraft:diamond":3,"minecraft:raw_gold":4,"minecraft:iron_block":5,"minecraft:emerald":2,"minecraft:coal":2,"minecraft:cobblestone":19},"minecraft:killed":{"minecraft:zombie":1},"minecraft:custom":{"minecraft:time_since_rest":7809,"minecraft:sprint_one_cm":21403,"minecraft:open_enderchest":3,"minecraft:damage_taken":106,"minecraft:walk_one_cm":24669,"minecraft:mob_kills":1,"minecraft:damage_dealt":284,"minecraft:fly_one_cm":7572,"minecraft:open_chest":4,"minecraft:crouch_one_cm":314,"minecraft:open_shulker_box":5,"minecraft:play_time":7809,"minecraft:sneak_time":339,"minecraft:jump":68,"minecraft:leave_game":1,"minecraft:time_since_death":7809,"minecraft:total_world_time":7809,"minecraft:climb_one_cm":420,"minecraft:fall_one_cm":2387}},"DataVersion":3955}