{"stats":{"minecraft:custom":{"minecraft:interact_with_crafting_table":16,"minecraft:open_shulker_box":152,"minecraft:leave_game":21,"minecraft:time_since_death":308448,"minecraft:sprint_one_cm":727918,"minecraft:damage_blocked_by_shield":3982,"minecraft:drop":291,"minecraft:play_time":799924,"minecraft:deaths":1,"minecraft:jump":13649,"minecraft:interact_with_brewingstand":1,"minecraft:walk_on_water_one_cm":2494,"minecraft:interact_with_furnace":1,"minecraft:sleep_in_bed":2,"minecraft:open_enderchest":33,"minecraft:damage_dealt":26771,"minecraft:interact_with_beacon":25,"minecraft:player_kills":3,"minecraft:crouch_one_cm":88932,"minecraft:interact_with_anvil":16,"minecraft:mob_kills":177,"minecraft:inspect_hopper":1,"minecraft:damage_dealt_resisted":8493,"minecraft:climb_one_cm":28703,"minecraft:walk_one_cm":1262603,"minecraft:sneak_time":79866,"minecraft:walk_under_water_one_cm":3281,"minecraft:total_world_time":799924,"minecraft:time_since_rest":91782,"minecraft:damage_taken":9651,"minecraft:swim_one_cm":649,"minecraft:fly_one_cm":1453164,"minecraft:open_chest":82,"minecraft:fall_one_cm":88668},"minecraft:dropped":{"minecraft:iron_sword":2,"minecraft:cooked_beef":1,"minecraft:ender_pearl":39,"minecraft:glass_bottle":1,"minecraft:lime_shulker_box":1,"minecraft:cooked_porkchop":14,"minecraft:jungle_planks":2,"minecraft:leather_helmet":1,"minecraft:raw_gold_block":9,"minecraft:gold_block":1,"minecraft:dirt":6,"minecraft:netherite_boots":1,"minecraft:gold_nugget":3,"minecraft:sunflower":1,"minecraft:phantom_membrane":12,"minecraft:purple_wool":3,"minecraft:iron_pickaxe":4,"minecraft:bone":18,"minecraft:stone_axe":1,"minecraft:diamond_block":1,"minecraft:golden_chestplate":1,"minecraft:obsidian":1,"minecraft:rotten_flesh":17,"minecraft:azure_bluet":1,"minecraft:poppy":1,"minecraft:leather_chestplate":1,"minecraft:jungle_log":2,"minecraft:leather_boots":2,"minecraft:leather_leggings":1,"minecraft:arrow":74,"minecraft:ghast_tear":4,"minecraft:splash_potion":5,"minecraft:iron_ingot":72,"minecraft:wheat_seeds":3,"minecraft:cherry_log":1,"minecraft:diamond_leggings":3,"minecraft:netherite_chestplate":1,"minecraft:netherite_helmet":1,"minecraft:iron_helmet":3,"minecraft:cobblestone":7,"minecraft:purple_concrete":1,"minecraft:purple_dye":1,"minecraft:grass_block":1,"minecraft:coal":2,"minecraft:stick":1,"minecraft:iron_block":1,"minecraft:golden_carrot":94,"minecraft:torch":1,"minecraft:white_concrete":59,"minecraft:diamond_helmet":3,"minecraft:iron_leggings":3,"minecraft:iron_axe":2,"minecraft:raw_iron_block":5,"minecraft:string":14,"minecraft:pink_petals":1,"minecraft:stone_sword":2,"minecraft:raw_iron":35,"minecraft:experience_bottle":90,"minecraft:iron_boots":1,"minecraft:totem_of_undying":2,"minecraft:netherite_leggings":1,"minecraft:diamond_sword":1,"minecraft:shield":2,"minecraft:diamond_chestplate":3,"minecraft:iron_chestplate":5,"minecraft:spider_eye":5,"minecraft:diamond_boots":3,"minecraft:blue_orchid":1,"minecraft:bow":1,"minecraft:stone_pickaxe":1,"minecraft:wooden_pickaxe":1,"minecraft:raw_gold":11,"minecraft:magma_cream":11},"minecraft:picked_up":{"minecraft:iron_chestplate":4,"minecraft:redstone_block":56,"minecraft:anvil":1,"minecraft:diamond_sword":1,"minecraft:potion":38,"minecraft:lapis_block":92,"minecraft:string":97,"minecraft:soul_soil":1,"minecraft:iron_leggings":3,"minecraft:experience_bottle":45,"minecraft:diamond_leggings":2,"minecraft:gold_nugget":3,"minecraft:iron_pickaxe":3,"minecraft:iron_boots":1,"minecraft:stick":1,"minecraft:orange_shulker_box":6,"minecraft:polished_blackstone_stairs":1,"minecraft:oak_fence":3,"minecraft:torch":7,"minecraft:cherry_log":1,"minecraft:diorite":1,"minecraft:deepslate_tile_stairs":1,"minecraft:golden_chestplate":1,"minecraft:stone_sword":2,"minecraft:rotten_flesh":159,"minecraft:iron_block":206,"minecraft:obsidian":2,"minecraft:cobblestone":552,"minecraft:birch_log":5,"minecraft:pink_petals":1,"minecraft:cooked_beef":1,"minecraft:magma_cream":11,"minecraft:andesite":2,"minecraft:jungle_log":2,"minecraft:lapis_lazuli":679,"minecraft:dirt":335,"minecraft:stripped_birch_log":2,"minecraft:lantern":1,"minecraft:leather_boots":1,"minecraft:bone":100,"minecraft:bow":1,"minecraft:wheat_seeds":4,"minecraft:raw_gold":19,"minecraft:diamond_helmet":2,"minecraft:ghast_tear":6,"minecraft:cooked_porkchop":25,"minecraft:polished_blackstone_slab":1,"minecraft:sand":1,"minecraft:grass_block":114,"minecraft:diamond_block":215,"minecraft:dark_oak_log":12,"minecraft:light_gray_concrete":5,"minecraft:polished_andesite":55,"minecraft:diamond":187,"minecraft:black_concrete":2,"minecraft:white_concrete":61,"minecraft:emerald":86,"minecraft:chorus_fruit":68,"minecraft:end_stone_brick_stairs":1,"minecraft:azure_bluet":1,"minecraft:purple_wool":3,"minecraft:splash_potion":2,"minecraft:gold_block":109,"minecraft:shield":2,"minecraft:iron_axe":1,"minecraft:blue_orchid":1,"minecraft:poppy":2,"minecraft:quartz_stairs":1,"minecraft:birch_sapling":2,"minecraft:phantom_membrane":12,"minecraft:lime_shulker_box":7,"minecraft:dark_oak_sapling":5,"minecraft:raw_iron":40,"minecraft:sandstone":1,"minecraft:raw_gold_block":10,"minecraft:quartz_pillar":2,"minecraft:carrot":2,"minecraft:redstone":141,"minecraft:cyan_shulker_box":2,"minecraft:arrow":73,"minecraft:diamond_chestplate":2,"minecraft:diamond_boots":2,"minecraft:gold_ingot":32,"minecraft:purple_dye":1,"minecraft:golden_carrot":30,"minecraft:leather":5,"minecraft:gunpowder":8,"minecraft:iron_ingot":200,"minecraft:cobweb":3,"minecraft:glass_bottle":1,"minecraft:iron_sword":1,"minecraft:purple_concrete":1,"minecraft:raw_iron_block":6,"minecraft:spider_eye":44,"minecraft:slime_ball":34,"minecraft:stone_axe":1,"minecraft:iron_helmet":3,"minecraft:red_concrete":6,"minecraft:coal":124,"minecraft:sunflower":1,"minecraft:ender_pearl":52},"minecraft:killed":{"minecraft:zombified_piglin":1,"minecraft:spider":25,"minecraft:skeleton":28,"minecraft:skeleton_horse":1,"minecraft:magma_cube":15,"minecraft:creeper":1,"minecraft:zombie":45,"minecraft:ghast":3,"minecraft:armadillo":1,"minecraft:slime":11,"minecraft:phantom":5,"minecraft:horse":1,"minecraft:husk":1,"minecraft:bat":1,"minecraft:wither_skeleton":5,"minecraft:enderman":15},"minecraft:crafted":{"minecraft:oak_planks":24,"minecraft:diamond_helmet":2,"minecraft:diamond_leggings":2,"minecraft:chest":4,"minecraft:birch_button":1,"minecraft:glass_bottle":63,"minecraft:crafting_table":5,"minecraft:wooden_pickaxe":1,"minecraft:birch_planks":28,"minecraft:stick":4,"minecraft:iron_ingot":225,"minecraft:cherry_planks":4,"minecraft:diamond":207,"minecraft:stone_pickaxe":1,"minecraft:diamond_boots":2,"minecraft:dark_oak_planks":48,"minecraft:minecart":1,"minecraft:jungle_planks":12,"minecraft:white_wool":6,"minecraft:anvil":3,"minecraft:white_bed":2,"minecraft:diamond_chestplate":2},"minecraft:used":{"minecraft:jack_o_lantern":4,"minecraft:poppy":1,"minecraft:chest":4,"minecraft:shield":142,"minecraft:iron_sword":245,"minecraft:quartz_stairs":1,"minecraft:player_head":1,"minecraft:rotten_flesh":11,"minecraft:iron_chestplate":3,"minecraft:carrot":1,"minecraft:obsidian":1,"minecraft:polished_blackstone_slab":49,"minecraft:lava_bucket":18,"minecraft:quartz_pillar":2,"minecraft:lantern":3,"minecraft:grass_block":113,"minecraft:birch_sapling":2,"minecraft:orange_shulker_box":7,"minecraft:polished_andesite_stairs":1,"minecraft:iron_helmet":3,"minecraft:netherite_boots":2,"minecraft:birch_button":1,"minecraft:gold_block":36,"minecraft:end_stone_brick_stairs":1,"minecraft:polished_blackstone_stairs":7,"minecraft:dark_oak_sapling":5,"minecraft:leather_leggings":2,"minecraft:diamond_boots":9,"minecraft:chorus_fruit":5,"minecraft:stone_pickaxe":1,"minecraft:ender_pearl":37,"minecraft:wooden_pickaxe":8,"minecraft:leather_chestplate":1,"minecraft:sandstone":1,"minecraft:diamond_axe":79,"minecraft:netherite_leggings":2,"minecraft:netherite_helmet":4,"minecraft:black_concrete":60,"minecraft:light_gray_concrete":71,"minecraft:diamond_sword":581,"minecraft:coal_block":1,"minecraft:andesite":2,"minecraft:white_concrete":404,"minecraft:purple_wool":3,"minecraft:experience_bottle":320,"minecraft:oak_fence":3,"minecraft:red_concrete":63,"minecraft:torch":6,"minecraft:brewing_stand":6,"minecraft:dirt":150,"minecraft:anvil":3,"minecraft:hopper":1,"minecraft:diamond_helmet":8,"minecraft:cyan_shulker_box":2,"minecraft:iron_block":69,"minecraft:iron_axe":165,"minecraft:spawner":1,"minecraft:iron_boots":2,"minecraft:totem_of_undying":1,"minecraft:diamond_chestplate":8,"minecraft:purple_concrete":1,"minecraft:golden_carrot":42,"minecraft:emerald_block":1,"minecraft:soul_soil":1,"minecraft:deepslate_tile_stairs":2,"minecraft:cooked_beef":5,"minecraft:cherry_log":1,"minecraft:iron_leggings":3,"minecraft:water_bucket":1,"minecraft:glass_bottle":63,"minecraft:netherite_chestplate":2,"minecraft:polished_andesite":177,"minecraft:beacon":1,"minecraft:leather_boots":3,"minecraft:diamond_block":6,"minecraft:crafting_table":5,"minecraft:white_bed":2,"minecraft:lime_shulker_box":5,"minecraft:diamond_pickaxe":1523,"minecraft:iron_pickaxe":139,"minecraft:leather_helmet":1,"minecraft:cobblestone":22,"minecraft:potion":2,"minecraft:cooked_porkchop":80,"minecraft:bucket":17,"minecraft:diamond_leggings":9,"minecraft:splash_potion":5,"minecraft:chainmail_leggings":2},"minecraft:broken":{"minecraft:diamond_helmet":1,"minecraft:iron_boots":1,"minecraft:iron_leggings":1,"minecraft:diamond_boots":1,"minecraft:iron_helmet":1},"minecraft:mined":{"minecraft:jungle_leaves":1,"minecraft:cyan_shulker_box":1,"minecraft:obsidian":3,"minecraft:grass_block":33,"minecraft:white_concrete":62,"minecraft:soul_soil":1,"minecraft:deepslate_tile_stairs":1,"minecraft:raw_iron_block":6,"minecraft:anvil":1,"minecraft:deepslate_lapis_ore":38,"minecraft:light_gray_concrete":5,"minecraft:iron_block":195,"minecraft:deepslate_redstone_ore":19,"minecraft:torch":2,"minecraft:dead_bush":1,"minecraft:cobblestone":11,"minecraft:lime_shulker_box":4,"minecraft:wall_torch":4,"minecraft:pink_petals":1,"minecraft:birch_log":6,"minecraft:lapis_block":95,"minecraft:sand":1,"minecraft:dirt":122,"minecraft:quartz_stairs":3,"minecraft:dark_oak_leaves":183,"minecraft:deepslate_diamond_ore":63,"minecraft:stripped_birch_log":1,"minecraft:dark_oak_log":36,"minecraft:orange_shulker_box":4,"minecraft:sandstone":1,"minecraft:raw_gold_block":11,"minecraft:andesite":2,"minecraft:black_concrete":2,"minecraft:diamond_block":199,"minecraft:gold_block":103,"minecraft:deepslate_iron_ore":15,"minecraft:chorus_plant":7,"minecraft:stone":583,"minecraft:redstone_block":56,"minecraft:oak_fence":2,"minecraft:short_grass":16,"minecraft:tall_grass":3,"minecraft:deepslate_coal_ore":27,"minecraft:deepslate_gold_ore":5,"minecraft:red_concrete":6,"minecraft:diorite":1,"minecraft:purple_wool":3,"minecraft:end_stone_brick_stairs":1,"minecraft:polished_blackstone_slab":1,"minecraft:polished_blackstone_stairs":1,"minecraft:purple_stained_glass":1,"minecraft:birch_leaves":40,"minecraft:purple_concrete":1,"minecraft:quartz_pillar":1,"minecraft:coal_ore":10,"minecraft:sunflower":1,"minecraft:cobweb":7,"minecraft:polished_andesite":56,"minecraft:deepslate_emerald_ore":28}},"DataVersion":3955}