{"stats":{"minecraft:crafted":{"minecraft:diamond":9,"minecraft:diamond_chestplate":1},"minecraft:dropped":{"minecraft:iron_ingot":33,"minecraft:lapis_lazuli":39,"minecraft:diamond":2,"minecraft:cooked_porkchop":18,"minecraft:raw_iron":28,"minecraft:iron_helmet":2,"minecraft:cobblestone":46,"minecraft:iron_boots":1,"minecraft:leather":52,"minecraft:coal":23,"minecraft:raw_gold_block":17,"minecraft:coal_block":1,"minecraft:emerald":18,"minecraft:iron_block":5,"minecraft:dark_oak_log":2,"minecraft:golden_carrot":33,"minecraft:diamond_chestplate":1,"minecraft:iron_chestplate":1,"minecraft:jungle_log":50,"minecraft:iron_leggings":1,"minecraft:raw_iron_block":17,"minecraft:raw_gold":26,"minecraft:splash_potion":1,"minecraft:redstone_block":2,"minecraft:redstone":63},"minecraft:used":{"minecraft:leather_leggings":1,"minecraft:diamond_boots":1,"minecraft:ladder":2,"minecraft:ender_pearl":1,"minecraft:leather_chestplate":1,"minecraft:iron_sword":13,"minecraft:leather_boots":1,"minecraft:iron_chestplate":1,"minecraft:sand":2,"minecraft:diamond_helmet":1,"minecraft:lime_shulker_box":1,"minecraft:iron_axe":4,"minecraft:iron_pickaxe":678,"minecraft:iron_helmet":1,"minecraft:leather_helmet":1,"minecraft:iron_boots":1,"minecraft:diamond_chestplate":1,"minecraft:cobblestone":2,"minecraft:smithing_table":4,"minecraft:cooked_porkchop":14,"minecraft:diamond_leggings":1,"minecraft:iron_leggings":1,"minecraft:experience_bottle":64,"minecraft:splash_potion":1},"minecraft:mined":{"minecraft:deepslate_redstone_ore":15,"minecraft:redstone_block":15,"minecraft:deepslate_diamond_ore":51,"minecraft:dark_oak_log":2,"minecraft:ladder":2,"minecraft:short_grass":4,"minecraft:deepslate_coal_ore":25,"minecraft:deepslate_gold_ore":31,"minecraft:raw_iron_block":19,"minecraft:raw_gold_block":17,"minecraft:lapis_block":30,"minecraft:diamond_block":163,"minecraft:deepslate_lapis_ore":13,"minecraft:gold_block":46,"minecraft:deepslate_iron_ore":26,"minecraft:sand":3,"minecraft:stone":115,"minecraft:iron_block":90,"minecraft:deepslate_emerald_ore":18},"minecraft:picked_up":{"minecraft:golden_carrot":33,"minecraft:redstone_block":13,"minecraft:ladder":2,"minecraft:gold_block":42,"minecraft:lapis_block":25,"minecraft:lapis_lazuli":87,"minecraft:raw_gold":26,"minecraft:raw_iron":28,"minecraft:raw_gold_block":17,"minecraft:raw_iron_block":17,"minecraft:sand":2,"minecraft:redstone":63,"minecraft:diamond_block":158,"minecraft:dark_oak_log":2,"minecraft:diamond":45,"minecraft:iron_helmet":1,"minecraft:iron_block":84,"minecraft:emerald":18,"minecraft:coal":23,"minecraft:cobblestone":99,"minecraft:ender_pearl":1},"minecraft:killed":{"minecraft:enderman":1},"minecraft:killed_by":{"minecraft:player":1},"minecraft:custom":{"minecraft:interact_with_smithing_table":18,"minecraft:mob_kills":1,"minecraft:interact_with_crafting_table":1,"minecraft:open_shulker_box":5,"minecraft:leave_game":2,"minecraft:time_since_death":80662,"minecraft:climb_one_cm":27789,"minecraft:time_since_rest":80708,"minecraft:sprint_one_cm":186862,"minecraft:open_enderchest":18,"minecraft:damage_taken":1392,"minecraft:walk_one_cm":208067,"minecraft:drop":35,"minecraft:damage_dealt":364,"minecraft:swim_one_cm":1812,"minecraft:fly_one_cm":75544,"minecraft:open_chest":5,"minecraft:crouch_one_cm":869,"minecraft:play_time":87490,"minecraft:deaths":1,"minecraft:sneak_time":909,"minecraft:walk_under_water_one_cm":372,"minecraft:jump":6381,"minecraft:walk_on_water_one_cm":539,"minecraft:total_world_time":87490,"minecraft:fall_one_cm":26342}},"DataVersion":3955}