{"stats":{"minecraft:killed_by":{"minecraft:warden":1,"minecraft:player":2},"minecraft:dropped":{"minecraft:poppy":1,"minecraft:dirt":1,"minecraft:wheat_seeds":1,"minecraft:diamond_block":1,"minecraft:golden_carrot":7},"minecraft:killed":{"minecraft:zombie":4,"minecraft:chicken":1,"minecraft:creeper":1,"minecraft:enderman":1},"minecraft:mined":{"minecraft:short_grass":16,"minecraft:grass_block":1,"minecraft:poppy":1,"minecraft:sand":1,"minecraft:dirt":2,"minecraft:tall_grass":2},"minecraft:picked_up":{"minecraft:cooked_porkchop":32,"minecraft:chicken":1,"minecraft:golden_carrot":37,"minecraft:sand":1,"minecraft:diamond_block":2,"minecraft:dirt":1,"minecraft:soul_soil":6,"minecraft:jungle_leaves":2,"minecraft:rotten_flesh":5,"minecraft:wheat_seeds":1,"minecraft:iron_ingot":4,"minecraft:poppy":1,"minecraft:ender_pearl":1,"minecraft:diamond_pickaxe":1,"minecraft:egg":1},"minecraft:used":{"minecraft:jungle_leaves":2,"minecraft:chicken":1,"minecraft:stone_shovel":3,"minecraft:iron_sword":22,"minecraft:rotten_flesh":2,"minecraft:diamond_block":1,"minecraft:sand":1,"minecraft:golden_carrot":7,"minecraft:cooked_porkchop":5,"minecraft:egg":1,"minecraft:lime_shulker_box":1},"minecraft:custom":{"minecraft:time_since_rest":31848,"minecraft:walk_one_cm":109723,"minecraft:damage_taken":1531,"minecraft:sprint_one_cm":123587,"minecraft:open_enderchest":5,"minecraft:mob_kills":8,"minecraft:drop":11,"minecraft:damage_dealt":1631,"minecraft:fly_one_cm":175808,"minecraft:open_chest":4,"minecraft:crouch_one_cm":3971,"minecraft:open_shulker_box":10,"minecraft:play_time":96106,"minecraft:deaths":3,"minecraft:sneak_time":3435,"minecraft:jump":4384,"minecraft:leave_game":5,"minecraft:walk_on_water_one_cm":904,"minecraft:time_since_death":31782,"minecraft:climb_one_cm":919,"minecraft:total_world_time":96106,"minecraft:fall_one_cm":24604}},"DataVersion":3955}