{"stats":{"minecraft:crafted":{"minecraft:oak_planks":24,"minecraft:diamond_sword":1,"minecraft:diamond_axe":1,"minecraft:wooden_pickaxe":1,"minecraft:dark_oak_button":1,"minecraft:diamond_shovel":1,"minecraft:diamond":27,"minecraft:diamond_helmet":1,"minecraft:diamond_leggings":1,"minecraft:diamond_pickaxe":1,"minecraft:shield":1,"minecraft:stick":20,"minecraft:iron_ingot":18,"minecraft:iron_pickaxe":1,"minecraft:stone_pickaxe":1,"minecraft:chest":2,"minecraft:diamond_boots":1,"minecraft:dark_oak_planks":32,"minecraft:diamond_chestplate":1},"minecraft:dropped":{"minecraft:iron_ingot":14,"minecraft:diamond_axe":1,"minecraft:wheat_seeds":2,"minecraft:diamond_block":19,"minecraft:oak_log":1,"minecraft:diamond":29,"minecraft:cooked_porkchop":19,"minecraft:raw_iron":1,"minecraft:diamond_leggings":1,"minecraft:cobblestone":8,"minecraft:oak_planks":5,"minecraft:diamond_shovel":1,"minecraft:totem_of_undying":1,"minecraft:raw_gold_block":1,"minecraft:stick":7,"minecraft:poppy":1,"minecraft:gold_block":25,"minecraft:iron_block":7,"minecraft:diamond_sword":1,"minecraft:dirt":10,"minecraft:shield":1,"minecraft:diamond_chestplate":1,"minecraft:diamond_pickaxe":1,"minecraft:chest":2,"minecraft:diamond_helmet":1,"minecraft:diamond_boots":1,"minecraft:stone_pickaxe":1,"minecraft:wooden_pickaxe":1,"minecraft:iron_pickaxe":1,"minecraft:dark_oak_planks":15,"minecraft:lapis_block":6},"minecraft:used":{"minecraft:stone_pickaxe":5,"minecraft:oak_planks":9,"minecraft:shield":43,"minecraft:chest":3,"minecraft:wooden_pickaxe":3,"minecraft:iron_sword":165,"minecraft:diamond_axe":16,"minecraft:iron_chestplate":1,"minecraft:diamond_block":1,"minecraft:dirt":14,"minecraft:sand":1,"minecraft:crafting_table":1,"minecraft:lime_shulker_box":2,"minecraft:oak_log":1,"minecraft:diamond_pickaxe":97,"minecraft:iron_axe":24,"minecraft:iron_pickaxe":8,"minecraft:iron_helmet":4,"minecraft:iron_boots":1,"minecraft:dark_oak_button":1,"minecraft:diamond_chestplate":1,"minecraft:golden_carrot":1,"minecraft:cooked_porkchop":48,"minecraft:iron_leggings":1,"minecraft:experience_bottle":16},"minecraft:mined":{"minecraft:deepslate_diamond_ore":35,"minecraft:crafting_table":1,"minecraft:dark_oak_wood":8,"minecraft:grass_block":9,"minecraft:chest":3,"minecraft:cobblestone":1,"minecraft:lime_shulker_box":3,"minecraft:oak_planks":9,"minecraft:raw_gold_block":1,"minecraft:lapis_block":6,"minecraft:fire":1,"minecraft:diamond_block":23,"minecraft:gold_block":25,"minecraft:oak_log":812,"minecraft:deepslate_iron_ore":1,"minecraft:sand":1,"minecraft:dirt":16,"minecraft:stone":10,"minecraft:iron_block":8},"minecraft:broken":{"minecraft:iron_helmet":1,"minecraft:iron_chestplate":1,"minecraft:iron_leggings":1},"minecraft:picked_up":{"minecraft:crafting_table":2,"minecraft:golden_carrot":1,"minecraft:diamond_sword":3,"minecraft:wooden_pickaxe":3,"minecraft:gold_block":100,"minecraft:oak_log":8,"minecraft:shield":4,"minecraft:lapis_block":24,"minecraft:dirt":27,"minecraft:bone":7,"minecraft:wheat_seeds":3,"minecraft:diamond_leggings":3,"minecraft:iron_ingot":42,"minecraft:stone_pickaxe":3,"minecraft:poppy":2,"minecraft:iron_pickaxe":3,"minecraft:diamond_helmet":3,"minecraft:chest":5,"minecraft:oak_planks":34,"minecraft:iron_boots":1,"minecraft:lime_shulker_box":3,"minecraft:stick":21,"minecraft:raw_iron":4,"minecraft:cooked_porkchop":89,"minecraft:raw_gold_block":4,"minecraft:sand":1,"minecraft:diamond_block":80,"minecraft:dark_oak_planks":30,"minecraft:stone_sword":2,"minecraft:diamond_shovel":3,"minecraft:diamond_chestplate":2,"minecraft:diamond":122,"minecraft:diamond_boots":3,"minecraft:iron_helmet":1,"minecraft:iron_block":30,"minecraft:diamond_axe":2,"minecraft:totem_of_undying":3,"minecraft:dark_oak_wood":8,"minecraft:coal":1,"minecraft:cobblestone":35,"minecraft:diamond_pickaxe":3},"minecraft:killed":{"minecraft:wither_skeleton":4},"minecraft:killed_by":{"minecraft:player":3},"minecraft:custom":{"minecraft:mob_kills":4,"minecraft:interact_with_crafting_table":6,"minecraft:open_shulker_box":5,"minecraft:leave_game":1,"minecraft:time_since_death":880,"minecraft:climb_one_cm":15553,"minecraft:time_since_rest":965,"minecraft:sprint_one_cm":254522,"minecraft:damage_taken":5118,"minecraft:walk_one_cm":222303,"minecraft:damage_blocked_by_shield":1486,"minecraft:drop":31,"minecraft:damage_dealt":2211,"minecraft:fly_one_cm":437735,"minecraft:open_chest":5,"minecraft:crouch_one_cm":28174,"minecraft:play_time":151803,"minecraft:deaths":5,"minecraft:sneak_time":12226,"minecraft:jump":6064,"minecraft:walk_on_water_one_cm":6899,"minecraft:total_world_time":151803,"minecraft:fall_one_cm":56805}},"DataVersion":3955}