{"stats":{"minecraft:crafted":{"minecraft:oak_planks":68,"minecraft:stone_shovel":8,"minecraft:furnace":2,"minecraft:stone":64,"minecraft:bone_meal":72,"minecraft:glass":129,"minecraft:white_concrete_powder":32,"minecraft:iron_axe":1,"minecraft:oak_fence":6,"minecraft:stone_bricks":27,"minecraft:quartz_stairs":24,"minecraft:oak_slab":30,"minecraft:acacia_wood":72,"minecraft:crafting_table":1,"minecraft:iron_sword":1,"minecraft:bucket":2,"minecraft:white_stained_glass":112,"minecraft:stone_brick_stairs":9,"minecraft:charcoal":27,"minecraft:shield":1,"minecraft:white_dye":18,"minecraft:stick":28,"minecraft:iron_ingot":18,"minecraft:iron_pickaxe":1,"minecraft:oak_stairs":12,"minecraft:iron_shovel":4,"minecraft:stonecutter":1,"minecraft:acacia_planks":4,"minecraft:torch":24,"minecraft:shears":3},"minecraft:dropped":{"minecraft:iron_ingot":10,"minecraft:iron_sword":1,"minecraft:wheat_seeds":52,"minecraft:cooked_porkchop":95,"minecraft:iron_helmet":3,"minecraft:feather":1,"minecraft:cobblestone":37,"minecraft:stick":9,"minecraft:dirt":1,"minecraft:torch":1,"minecraft:dark_oak_wood":3,"minecraft:mutton":2,"minecraft:iron_leggings":2,"minecraft:iron_axe":1,"minecraft:sand":14,"minecraft:iron_pickaxe":1,"minecraft:string":1,"minecraft:pink_petals":22,"minecraft:bone":5,"minecraft:sugar_cane":3,"minecraft:stone_sword":2,"minecraft:rotten_flesh":11,"minecraft:iron_boots":3,"minecraft:iron_chestplate":1,"minecraft:arrow":1},"minecraft:used":{"minecraft:oak_fence":8,"minecraft:cherry_sapling":12,"minecraft:jungle_leaves":7,"minecraft:iron_bars":2,"minecraft:stone_sword":12,"minecraft:iron_shovel":637,"minecraft:acacia_log":2,"minecraft:stone_shovel":1140,"minecraft:white_concrete_powder":34,"minecraft:shield":54,"minecraft:iron_sword":395,"minecraft:rotten_flesh":17,"minecraft:iron_chestplate":2,"minecraft:torch":34,"minecraft:dirt":928,"minecraft:diamond_helmet":2,"minecraft:acacia_sapling":1,"minecraft:glass":6,"minecraft:quartz_pillar":29,"minecraft:iron_block":1,"minecraft:lantern":1,"minecraft:iron_axe":101,"minecraft:oak_stairs":6,"minecraft:orange_shulker_box":8,"minecraft:iron_helmet":2,"minecraft:iron_boots":1,"minecraft:stone_brick_stairs":6,"minecraft:stone_bricks":19,"minecraft:diamond_chestplate":2,"minecraft:golden_carrot":9,"minecraft:furnace":2,"minecraft:acacia_wood":58,"minecraft:gold_block":1,"minecraft:egg":1,"minecraft:iron_leggings":2,"minecraft:water_bucket":28,"minecraft:diamond_boots":2,"minecraft:stone_pickaxe":1,"minecraft:stonecutter":1,"minecraft:oak_leaves":75,"minecraft:diamond_block":10,"minecraft:oak_slab":31,"minecraft:crafting_table":1,"minecraft:lime_shulker_box":20,"minecraft:shears":210,"minecraft:diamond_shovel":547,"minecraft:light_gray_concrete":19,"minecraft:verdant_froglight":40,"minecraft:iron_pickaxe":1791,"minecraft:stone_axe":56,"minecraft:pink_petals":26,"minecraft:cobblestone":127,"minecraft:porkchop":2,"minecraft:cooked_porkchop":61,"minecraft:white_stained_glass":106,"minecraft:bucket":29,"minecraft:white_concrete":63,"minecraft:diamond_leggings":2,"minecraft:dandelion":1,"minecraft:bone_meal":21,"minecraft:experience_bottle":9},"minecraft:mined":{"minecraft:white_bed":1,"minecraft:deepslate_diamond_ore":21,"minecraft:cherry_log":86,"minecraft:jungle_leaves":97,"minecraft:stripped_cherry_log":3,"minecraft:acacia_log":236,"minecraft:grass_block":1032,"minecraft:orange_shulker_box":10,"minecraft:white_stained_glass":2,"minecraft:white_concrete":6,"minecraft:soul_soil":1,"minecraft:mud_brick_wall":2,"minecraft:oxeye_daisy":1,"minecraft:white_concrete_powder":2,"minecraft:tall_seagrass":3,"minecraft:raw_iron_block":1,"minecraft:raw_gold_block":5,"minecraft:acacia_wood":14,"minecraft:diamond_block":27,"minecraft:deepslate_lapis_ore":3,"minecraft:azure_bluet":1,"minecraft:gold_block":13,"minecraft:iron_bars":3,"minecraft:deepslate_iron_ore":5,"minecraft:dirt_path":3,"minecraft:light_gray_concrete":1,"minecraft:stripped_acacia_log":10,"minecraft:stripped_oak_log":4,"minecraft:stone":1462,"minecraft:iron_block":16,"minecraft:bone_block":15,"minecraft:deepslate_redstone_ore":2,"minecraft:oak_slab":1,"minecraft:acacia_leaves":1502,"minecraft:redstone_block":4,"minecraft:soul_sand":7,"minecraft:blackstone":10,"minecraft:basalt":3,"minecraft:dandelion":9,"minecraft:oak_fence":10,"minecraft:clay":2,"minecraft:torch":1,"minecraft:dark_oak_wood":3,"minecraft:short_grass":167,"minecraft:poppy":7,"minecraft:dead_bush":1,"minecraft:glass":6,"minecraft:copper_ore":6,"minecraft:tall_grass":1,"minecraft:cobblestone":37,"minecraft:deepslate_coal_ore":13,"minecraft:deepslate_gold_ore":6,"minecraft:lime_shulker_box":23,"minecraft:sugar_cane":1,"minecraft:pink_petals":57,"minecraft:seagrass":1,"minecraft:verdant_froglight":6,"minecraft:lapis_block":4,"minecraft:quartz_pillar":4,"minecraft:oak_log":31,"minecraft:coal_ore":42,"minecraft:cherry_leaves":750,"minecraft:gravel":236,"minecraft:sunflower":5,"minecraft:sand":191,"minecraft:dirt":893,"minecraft:stone_bricks":1,"minecraft:deepslate_emerald_ore":4,"minecraft:oak_leaves":467},"minecraft:broken":{"minecraft:iron_shovel":2,"minecraft:stone_shovel":8},"minecraft:picked_up":{"minecraft:iron_chestplate":1,"minecraft:redstone_block":3,"minecraft:splash_potion":1,"minecraft:clay_ball":8,"minecraft:gold_block":14,"minecraft:stripped_cherry_log":6,"minecraft:shield":1,"minecraft:lapis_block":6,"minecraft:iron_axe":2,"minecraft:string":10,"minecraft:soul_soil":4,"minecraft:raw_copper":22,"minecraft:iron_leggings":2,"minecraft:experience_bottle":48,"minecraft:diamond_leggings":1,"minecraft:beef":7,"minecraft:iron_pickaxe":2,"minecraft:poppy":7,"minecraft:light_gray_wool":1,"minecraft:sugar_cane":6,"minecraft:phantom_membrane":3,"minecraft:iron_boots":4,"minecraft:egg":1,"minecraft:lime_shulker_box":25,"minecraft:raw_iron":5,"minecraft:stick":34,"minecraft:orange_shulker_box":8,"minecraft:raw_gold_block":12,"minecraft:oak_fence":16,"minecraft:torch":11,"minecraft:acacia_log":116,"minecraft:porkchop":2,"minecraft:quartz_pillar":195,"minecraft:cherry_log":62,"minecraft:redstone":5,"minecraft:stone_sword":3,"minecraft:diamond_chestplate":2,"minecraft:arrow":24,"minecraft:rotten_flesh":36,"minecraft:diamond_boots":1,"minecraft:iron_block":22,"minecraft:gold_ingot":6,"minecraft:mutton":2,"minecraft:iron_bars":3,"minecraft:bone_block":15,"minecraft:cobblestone":1093,"minecraft:stripped_oak_log":5,"minecraft:pink_petals":363,"minecraft:feather":1,"minecraft:golden_carrot":13,"minecraft:leather":59,"minecraft:acacia_wood":13,"minecraft:birch_planks":1,"minecraft:flint":22,"minecraft:oak_log":14,"minecraft:lapis_lazuli":70,"minecraft:dirt":1769,"minecraft:lantern":1,"minecraft:bone":48,"minecraft:apple":1,"minecraft:stone_bricks":1,"minecraft:bow":2,"minecraft:wheat_seeds":60,"minecraft:raw_gold":19,"minecraft:iron_ingot":38,"minecraft:diamond_helmet":1,"minecraft:iron_sword":2,"minecraft:verdant_froglight":197,"minecraft:acacia_sapling":17,"minecraft:oak_slab":1,"minecraft:cooked_porkchop":113,"minecraft:dandelion":8,"minecraft:raw_iron_block":1,"minecraft:gravel":203,"minecraft:sand":204,"minecraft:mud_brick_wall":1,"minecraft:white_bed":1,"minecraft:diamond_block":28,"minecraft:spider_eye":3,"minecraft:jungle_leaves":62,"minecraft:diamond_shovel":1,"minecraft:stripped_acacia_log":10,"minecraft:light_gray_concrete":19,"minecraft:slime_ball":12,"minecraft:white_concrete_powder":2,"minecraft:diamond":21,"minecraft:short_grass":4,"minecraft:iron_helmet":3,"minecraft:cherry_sapling":26,"minecraft:white_concrete":68,"minecraft:emerald":9,"minecraft:oak_sapling":7,"minecraft:dark_oak_wood":3,"minecraft:coal":76,"minecraft:oak_leaves":121,"minecraft:sunflower":17},"minecraft:killed":{"minecraft:spider":5,"minecraft:slime":16,"minecraft:skeleton":15,"minecraft:magma_cube":9,"minecraft:pig":1,"minecraft:sheep":1,"minecraft:zombie":16,"minecraft:wither_skeleton":2,"minecraft:cow":4},"minecraft:killed_by":{"minecraft:ghast":1,"minecraft:player":1,"minecraft:zombie":2},"minecraft:custom":{"minecraft:interact_with_smithing_table":1,"minecraft:mob_kills":69,"minecraft:interact_with_crafting_table":35,"minecraft:open_shulker_box":62,"minecraft:damage_dealt_resisted":765,"minecraft:leave_game":3,"minecraft:time_since_death":82507,"minecraft:climb_one_cm":2627,"minecraft:sprint_one_cm":1394386,"minecraft:walk_one_cm":1382940,"minecraft:damage_blocked_by_shield":1923,"minecraft:drop":47,"minecraft:play_time":597322,"minecraft:deaths":6,"minecraft:sneak_time":54686,"minecraft:walk_under_water_one_cm":13845,"minecraft:jump":11365,"minecraft:walk_on_water_one_cm":41116,"minecraft:total_world_time":597322,"minecraft:interact_with_furnace":34,"minecraft:interact_with_stonecutter":7,"minecraft:sleep_in_bed":2,"minecraft:time_since_rest":82653,"minecraft:open_enderchest":8,"minecraft:damage_taken":5609,"minecraft:damage_dealt":7267,"minecraft:swim_one_cm":47515,"minecraft:fly_one_cm":489429,"minecraft:open_chest":30,"minecraft:crouch_one_cm":112094,"minecraft:fall_one_cm":46237}},"DataVersion":3955}