{"stats":{"minecraft:custom":{"minecraft:interact_with_crafting_table":10,"minecraft:open_barrel":1,"minecraft:open_shulker_box":472,"minecraft:leave_game":113,"minecraft:time_since_death":478350,"minecraft:sprint_one_cm":2231963,"minecraft:drop":204,"minecraft:play_time":5232876,"minecraft:deaths":9,"minecraft:jump":75931,"minecraft:walk_on_water_one_cm":75299,"minecraft:open_enderchest":7,"minecraft:damage_dealt":12551,"minecraft:interact_with_beacon":5,"minecraft:player_kills":4,"minecraft:crouch_one_cm":25028,"minecraft:inspect_dispenser":23,"minecraft:horse_one_cm":681320,"minecraft:mob_kills":73,"minecraft:fill_cauldron":1,"minecraft:damage_dealt_resisted":157,"minecraft:climb_one_cm":39832,"minecraft:walk_one_cm":3463447,"minecraft:walk_under_water_one_cm":70483,"minecraft:sneak_time":88073,"minecraft:interact_with_lectern":4,"minecraft:total_world_time":5232876,"minecraft:pot_flower":1,"minecraft:time_since_rest":478454,"minecraft:damage_taken":6275,"minecraft:swim_one_cm":51172,"minecraft:fly_one_cm":10319368,"minecraft:pig_one_cm":3573,"minecraft:open_chest":101,"minecraft:aviate_one_cm":1450176,"minecraft:fall_one_cm":78099},"minecraft:dropped":{"minecraft:cooked_beef":448,"minecraft:baked_potato":192,"minecraft:lime_shulker_box":4,"minecraft:cooked_porkchop":544,"minecraft:cookie":128,"minecraft:leather":2,"minecraft:quartz_pillar":320,"minecraft:raw_gold_block":12,"minecraft:gold_block":513,"minecraft:dirt":2,"minecraft:dark_oak_log":8,"minecraft:cooked_cod":448,"minecraft:pumpkin_pie":192,"minecraft:verdant_froglight":512,"minecraft:bone":6,"minecraft:emerald_block":256,"minecraft:goat_horn":1,"minecraft:diamond_block":207,"minecraft:cooked_chicken":448,"minecraft:golden_chestplate":1,"minecraft:rotten_flesh":20,"minecraft:diamond_shovel":1,"minecraft:end_stone":64,"minecraft:cooked_mutton":448,"minecraft:carrot":10,"minecraft:sea_lantern":256,"minecraft:ochre_froglight":192,"minecraft:glowstone":256,"minecraft:spruce_slab":64,"minecraft:arrow":1,"minecraft:splash_potion":19,"minecraft:netherrack":4,"minecraft:iron_ingot":64,"minecraft:bread":192,"minecraft:diamond_leggings":2,"minecraft:feather":16,"minecraft:iron_helmet":4,"minecraft:purple_dye":3,"minecraft:grass_block":1,"minecraft:coal_block":193,"minecraft:iron_block":192,"minecraft:pearlescent_froglight":256,"minecraft:golden_carrot":17,"minecraft:torch":59,"minecraft:white_concrete":1,"minecraft:cooked_salmon":448,"minecraft:diamond_helmet":3,"minecraft:iron_leggings":1,"minecraft:armadillo_scute":1,"minecraft:raw_iron_block":18,"minecraft:string":13,"minecraft:tripwire_hook":2,"minecraft:lapis_block":256,"minecraft:redstone_block":256,"minecraft:stone_shovel":1,"minecraft:raw_iron":28,"minecraft:experience_bottle":1,"minecraft:iron_boots":2,"minecraft:light_gray_concrete":17,"minecraft:diamond_sword":1,"minecraft:potato":4,"minecraft:shield":1,"minecraft:diamond_chestplate":2,"minecraft:iron_chestplate":1,"minecraft:spider_eye":12,"minecraft:diamond_boots":2,"minecraft:slime_ball":1,"minecraft:bow":1,"minecraft:raw_gold":24},"minecraft:picked_up":{"minecraft:iron_chestplate":1,"minecraft:redstone_block":265,"minecraft:diamond_sword":1,"minecraft:lapis_block":277,"minecraft:string":23,"minecraft:raw_copper":6,"minecraft:cooked_salmon":448,"minecraft:iron_leggings":2,"minecraft:experience_bottle":1,"minecraft:diamond_leggings":4,"minecraft:iron_pickaxe":1,"minecraft:coal_block":193,"minecraft:smooth_quartz_stairs":3,"minecraft:iron_boots":3,"minecraft:golden_helmet":1,"minecraft:stick":41,"minecraft:orange_shulker_box":9,"minecraft:oak_fence":4,"minecraft:torch":13,"minecraft:porkchop":2,"minecraft:cherry_log":98,"minecraft:golden_chestplate":1,"minecraft:goat_horn":1,"minecraft:rotten_flesh":47,"minecraft:iron_block":228,"minecraft:armadillo_scute":1,"minecraft:glowstone":256,"minecraft:netherite_chestplate":1,"minecraft:obsidian":1,"minecraft:cobblestone":1225,"minecraft:pink_petals":59,"minecraft:feather":16,"minecraft:cooked_beef":448,"minecraft:cherry_planks":12,"minecraft:andesite":13,"minecraft:potato":5,"minecraft:netherite_leggings":1,"minecraft:lapis_lazuli":59,"minecraft:dirt":1193,"minecraft:lantern":1,"minecraft:bone":18,"minecraft:bow":1,"minecraft:wheat_seeds":51,"minecraft:raw_gold":24,"minecraft:diamond_helmet":5,"minecraft:oak_planks":5,"minecraft:ghast_tear":1,"minecraft:cooked_porkchop":499,"minecraft:grass_block":1,"minecraft:diamond_block":236,"minecraft:dark_oak_log":8,"minecraft:quartz_bricks":7,"minecraft:light_gray_concrete":7,"minecraft:diamond":43,"minecraft:netherite_helmet":1,"minecraft:white_concrete":35,"minecraft:emerald":15,"minecraft:bread":192,"minecraft:oak_sapling":8,"minecraft:netherrack":4,"minecraft:diamond_pickaxe":1,"minecraft:end_stone_bricks":2,"minecraft:crafting_table":3,"minecraft:azure_bluet":1,"minecraft:splash_potion":18,"minecraft:wooden_pickaxe":1,"minecraft:gold_block":294,"minecraft:shield":2,"minecraft:blue_orchid":1,"minecraft:netherite_sword":2,"minecraft:beef":2,"minecraft:poppy":1,"minecraft:spruce_slab":64,"minecraft:quartz_stairs":4,"minecraft:blue_shulker_box":8,"minecraft:chest":3,"minecraft:egg":1,"minecraft:lime_shulker_box":22,"minecraft:raw_iron":28,"minecraft:raw_gold_block":13,"minecraft:quartz_pillar":3,"minecraft:cookie":128,"minecraft:carrot":11,"minecraft:redstone":73,"minecraft:cyan_shulker_box":8,"minecraft:dark_oak_planks":15,"minecraft:arrow":18,"minecraft:diamond_chestplate":4,"minecraft:cooked_cod":448,"minecraft:pumpkin_pie":192,"minecraft:diamond_boots":4,"minecraft:gold_ingot":32,"minecraft:totem_of_undying":2,"minecraft:mutton":2,"minecraft:bone_block":87,"minecraft:stripped_oak_log":2,"minecraft:netherite_boots":1,"minecraft:yellow_shulker_box":15,"minecraft:purple_dye":3,"minecraft:golden_carrot":14,"minecraft:tripwire_hook":2,"minecraft:leather":2,"minecraft:ochre_froglight":192,"minecraft:birch_planks":29,"minecraft:oak_log":17,"minecraft:gunpowder":2,"minecraft:cooked_mutton":512,"minecraft:stone_bricks":1,"minecraft:apple":2,"minecraft:pearlescent_froglight":256,"minecraft:iron_ingot":235,"minecraft:stone_pickaxe":1,"minecraft:cooked_chicken":448,"minecraft:verdant_froglight":320,"minecraft:emerald_block":256,"minecraft:quartz":16,"minecraft:raw_iron_block":18,"minecraft:gravel":3,"minecraft:spider_eye":13,"minecraft:sea_lantern":256,"minecraft:diamond_shovel":1,"minecraft:slime_ball":2,"minecraft:iron_helmet":5,"minecraft:diamond_axe":1,"minecraft:cherry_sapling":58,"minecraft:baked_potato":192,"minecraft:coal":30,"minecraft:ender_pearl":16},"minecraft:killed_by":{"minecraft:zombie":3,"minecraft:enderman":1},"minecraft:killed":{"minecraft:spider":8,"minecraft:skeleton":7,"minecraft:pig":1,"minecraft:zombie_villager":1,"minecraft:creeper":2,"minecraft:zombie":23,"minecraft:ghast":1,"minecraft:cow":1,"minecraft:slime":9,"minecraft:phantom":5,"minecraft:husk":1,"minecraft:enderman":1},"minecraft:crafted":{"minecraft:oak_planks":40,"minecraft:diamond_shovel":1,"minecraft:chest":6,"minecraft:birch_button":1,"minecraft:blaze_rod":1,"minecraft:stick":40,"minecraft:iron_shovel":1,"minecraft:torch":144},"minecraft:used":{"minecraft:moss_block":42,"minecraft:cherry_sapling":24,"minecraft:writable_book":3,"minecraft:iron_shovel":263,"minecraft:dispenser":3,"minecraft:spruce_slab":170,"minecraft:carrot_on_a_stick":2,"minecraft:elytra":1,"minecraft:ladder":309,"minecraft:oak_sign":35,"minecraft:chest":16,"minecraft:brown_concrete":1,"minecraft:stone":79,"minecraft:iron_sword":357,"minecraft:purple_shulker_box":4,"minecraft:white_shulker_box":9,"minecraft:quartz_stairs":48,"minecraft:player_head":1,"minecraft:iron_chestplate":2,"minecraft:mutton":2,"minecraft:carrot":1,"minecraft:deepslate_brick_slab":5,"minecraft:beehive":1,"minecraft:snowball":95,"minecraft:obsidian":16,"minecraft:honey_bottle":4,"minecraft:warden_spawn_egg":1,"minecraft:glass":1,"minecraft:lava_bucket":156,"minecraft:quartz_pillar":9,"minecraft:red_wool":97,"minecraft:lantern":4,"minecraft:grass_block":595,"minecraft:packed_mud":54,"minecraft:orange_shulker_box":10,"minecraft:quartz_block":43,"minecraft:iron_helmet":3,"minecraft:dark_oak_slab":7,"minecraft:diorite_wall":100,"minecraft:stone_brick_stairs":25,"minecraft:stone_bricks":165,"minecraft:bedrock":178,"minecraft:birch_button":1,"minecraft:bow":184,"minecraft:blue_shulker_box":15,"minecraft:mangrove_slab":12,"minecraft:polished_diorite_stairs":74,"minecraft:gold_block":29,"minecraft:skeleton_skull":6,"minecraft:egg":18,"minecraft:end_stone_brick_stairs":294,"minecraft:potato":1,"minecraft:magenta_shulker_box":1,"minecraft:deepslate_brick_wall":16,"minecraft:dark_oak_stairs":169,"minecraft:end_rod":21,"minecraft:leather_leggings":1,"minecraft:end_stone_bricks":211,"minecraft:diamond_boots":1,"minecraft:warped_fungus_on_a_stick":1,"minecraft:wither_skeleton_skull":4,"minecraft:red_stained_glass":7,"minecraft:oak_planks":100,"minecraft:birch_wood":124,"minecraft:polished_diorite_slab":34,"minecraft:ender_pearl":4,"minecraft:leather_chestplate":1,"minecraft:smooth_quartz_stairs":3,"minecraft:cookie":1,"minecraft:blue_dye":1,"minecraft:light_gray_terracotta":2,"minecraft:crossbow":1,"minecraft:cyan_dye":8,"minecraft:netherite_helmet":2,"minecraft:purple_terracotta":9,"minecraft:stone_brick_wall":57,"minecraft:lingering_potion":31,"minecraft:end_stone":2,"minecraft:birch_fence":6,"minecraft:firework_rocket":418,"minecraft:mace":36,"minecraft:light_gray_concrete":6,"minecraft:bread":1,"minecraft:brown_wool":1,"minecraft:lectern":1,"minecraft:red_terracotta":39,"minecraft:oak_pressure_plate":5,"minecraft:deepslate":155,"minecraft:gravel":18,"minecraft:polished_andesite_slab":15,"minecraft:soul_lantern":4,"minecraft:golden_helmet":1,"minecraft:coal_block":66,"minecraft:dark_oak_fence":1,"minecraft:birch_log":30,"minecraft:smooth_stone_slab":6,"minecraft:white_concrete":97,"minecraft:purple_wool":65,"minecraft:bone_meal":152,"minecraft:cobweb":16,"minecraft:experience_bottle":24,"minecraft:trident":4,"minecraft:netherite_sword":44,"minecraft:enchanting_table":2,"minecraft:iron_bars":424,"minecraft:flint_and_steel":2,"minecraft:red_concrete":69,"minecraft:stone_shovel":41,"minecraft:redstone":19,"minecraft:ender_chest":6,"minecraft:wither_skeleton_spawn_egg":28,"minecraft:structure_block":4,"minecraft:orange_stained_glass":4,"minecraft:torch":24,"minecraft:light_gray_shulker_box":2,"minecraft:end_stone_brick_wall":3,"minecraft:dirt":227,"minecraft:spyglass":5,"minecraft:light_blue_dye":6,"minecraft:spruce_stairs":131,"minecraft:cobblestone_wall":41,"minecraft:diamond_helmet":1,"minecraft:oak_wood":155,"minecraft:nether_brick_stairs":81,"minecraft:wooden_axe":1,"minecraft:brown_terracotta":7,"minecraft:red_shulker_box":10,"minecraft:dark_oak_planks":109,"minecraft:sea_lantern":55,"minecraft:cyan_shulker_box":9,"minecraft:iron_block":42,"minecraft:iron_axe":33,"minecraft:oak_stairs":130,"minecraft:rooted_dirt":256,"minecraft:slime_block":20,"minecraft:spawner":2,"minecraft:iron_boots":2,"minecraft:lime_dye":10,"minecraft:crimson_planks":13,"minecraft:barrel":3,"minecraft:diamond_chestplate":1,"minecraft:purple_concrete":36,"minecraft:glowstone":76,"minecraft:raw_copper_block":13,"minecraft:golden_carrot":5,"minecraft:beef":2,"minecraft:emerald_block":1,"minecraft:goat_horn":5,"minecraft:acacia_wood":9,"minecraft:granite_wall":11,"minecraft:red_dye":4,"minecraft:cobbled_deepslate":1,"minecraft:cherry_log":2,"minecraft:bamboo_planks":79,"minecraft:iron_leggings":3,"minecraft:crimson_stem":34,"minecraft:quartz_bricks":136,"minecraft:cooked_mutton":35,"minecraft:water_bucket":398,"minecraft:nether_brick_wall":2,"minecraft:birch_planks":110,"minecraft:yellow_shulker_box":15,"minecraft:black_shulker_box":3,"minecraft:cauldron":2,"minecraft:white_dye":3,"minecraft:chiseled_nether_bricks":13,"minecraft:beacon":11,"minecraft:glow_ink_sac":29,"minecraft:leather_boots":1,"minecraft:deepslate_bricks":286,"minecraft:diamond_block":70,"minecraft:rail":3,"minecraft:terracotta":1,"minecraft:oak_slab":201,"minecraft:crafting_table":2,"minecraft:campfire":8,"minecraft:lime_shulker_box":20,"minecraft:infested_deepslate":2,"minecraft:purple_stained_glass":46,"minecraft:oak_log":362,"minecraft:yellow_dye":2,"minecraft:ender_eye":1,"minecraft:flower_pot":1,"minecraft:apple":6,"minecraft:diamond_shovel":732,"minecraft:wind_charge":1,"minecraft:iron_pickaxe":1411,"minecraft:leather_helmet":1,"minecraft:purple_dye":1,"minecraft:fishing_rod":1,"minecraft:cobblestone":215,"minecraft:porkchop":5,"minecraft:crimson_stairs":36,"minecraft:red_concrete_powder":1,"minecraft:cooked_porkchop":32,"minecraft:glass_pane":5,"minecraft:pumpkin_pie":1,"minecraft:brush":8,"minecraft:brown_mushroom_block":9,"minecraft:splash_potion":71,"minecraft:diamond_leggings":1,"minecraft:chainmail_leggings":1},"minecraft:broken":{"minecraft:iron_shovel":1,"minecraft:iron_boots":1,"minecraft:iron_chestplate":1,"minecraft:iron_leggings":1,"minecraft:iron_helmet":1},"minecraft:mined":{"minecraft:cherry_log":99,"minecraft:grass_block":368,"minecraft:white_concrete":39,"minecraft:mud_brick_wall":2,"minecraft:raw_iron_block":18,"minecraft:deepslate_lapis_ore":10,"minecraft:dirt_path":1,"minecraft:light_gray_concrete":8,"minecraft:end_stone_bricks":2,"minecraft:iron_block":17,"minecraft:player_head":1,"minecraft:deepslate_redstone_ore":16,"minecraft:torch":4,"minecraft:chest":1,"minecraft:mushroom_stem":3,"minecraft:nether_quartz_ore":16,"minecraft:cobblestone":6,"minecraft:lime_shulker_box":4,"minecraft:wall_torch":1,"minecraft:pink_petals":6,"minecraft:lapis_block":15,"minecraft:oak_log":31,"minecraft:dirt":690,"minecraft:netherrack":7,"minecraft:oak_leaves":503,"minecraft:quartz_stairs":2,"minecraft:deepslate_diamond_ore":11,"minecraft:raw_gold_block":12,"minecraft:andesite":13,"minecraft:diamond_block":25,"minecraft:gold_block":6,"minecraft:deepslate_iron_ore":28,"minecraft:lantern":1,"minecraft:smooth_quartz_stairs":3,"minecraft:stone":968,"minecraft:bone_block":90,"minecraft:redstone_block":9,"minecraft:oak_fence":2,"minecraft:crafting_table":2,"minecraft:short_grass":32,"minecraft:deepslate_coal_ore":24,"minecraft:copper_ore":2,"minecraft:quartz_bricks":7,"minecraft:deepslate_gold_ore":24,"minecraft:air":260,"minecraft:birch_planks":30,"minecraft:quartz_pillar":4,"minecraft:coal_ore":6,"minecraft:cherry_leaves":520,"minecraft:cobweb":2,"minecraft:deepslate_emerald_ore":14}},"DataVersion":3955}