{"stats":{"minecraft:crafted":{"minecraft:coal_block":12,"minecraft:diamond_sword":1,"minecraft:diamond_axe":1,"minecraft:crafting_table":2,"minecraft:diamond_shovel":1,"minecraft:diamond_block":109,"minecraft:jungle_planks":60,"minecraft:netherite_chestplate":1,"minecraft:netherite_leggings":1,"minecraft:netherite_boots":1,"minecraft:emerald_block":82,"minecraft:stick":20,"minecraft:iron_ingot":261,"minecraft:iron_block":2,"minecraft:netherite_helmet":1,"minecraft:redstone_block":9,"minecraft:torch":12,"minecraft:lapis_block":77},"minecraft:dropped":{"minecraft:iron_ingot":25,"minecraft:stone_axe":1,"minecraft:iron_sword":2,"minecraft:cooked_beef":3,"minecraft:lapis_lazuli":1067,"minecraft:oak_log":2,"minecraft:stone_sword":1,"minecraft:glass_bottle":10,"minecraft:lime_shulker_box":1,"minecraft:stone_shovel":1,"minecraft:raw_iron":541,"minecraft:iron_helmet":1,"minecraft:cobblestone":933,"minecraft:rotten_flesh":7,"minecraft:iron_boots":1,"minecraft:leather":2,"minecraft:jungle_planks":35,"minecraft:coal":442,"minecraft:raw_gold_block":105,"minecraft:coal_block":1,"minecraft:diamond_sword":2,"minecraft:dirt":1,"minecraft:iron_chestplate":1,"minecraft:jungle_log":33,"minecraft:leather_boots":1,"minecraft:diamond_helmet":1,"minecraft:potion":1,"minecraft:iron_leggings":1,"minecraft:spider_eye":3,"minecraft:iron_axe":1,"minecraft:sand":3,"minecraft:raw_iron_block":147,"minecraft:stone_pickaxe":1,"minecraft:raw_gold":438,"minecraft:iron_pickaxe":1,"minecraft:string":2,"minecraft:redstone_block":69,"minecraft:redstone":944,"minecraft:lapis_block":5},"minecraft:killed":{"minecraft:spider":2,"minecraft:skeleton":1,"minecraft:zombie":4,"minecraft:enderman":2},"minecraft:mined":{"minecraft:deepslate_redstone_ore":186,"minecraft:redstone_block":66,"minecraft:deepslate_diamond_ore":529,"minecraft:deepslate_coal_ore":242,"minecraft:deepslate_gold_ore":234,"minecraft:raw_iron_block":140,"minecraft:raw_gold_block":124,"minecraft:lapis_block":153,"minecraft:birch_leaves":1,"minecraft:diamond_block":524,"minecraft:deepslate_lapis_ore":150,"minecraft:gold_block":135,"minecraft:oak_log":237,"minecraft:deepslate_iron_ore":307,"minecraft:stone":869,"minecraft:iron_block":342,"minecraft:deepslate_emerald_ore":398},"minecraft:picked_up":{"minecraft:cooked_beef":3,"minecraft:redstone_block":62,"minecraft:anvil":1,"minecraft:jungle_log":15,"minecraft:diamond_sword":1,"minecraft:potion":2,"minecraft:gold_block":135,"minecraft:enchanted_book":2,"minecraft:oak_log":18,"minecraft:lapis_block":148,"minecraft:lapis_lazuli":1821,"minecraft:string":2,"minecraft:dirt":1,"minecraft:diamond_leggings":1,"minecraft:raw_gold":463,"minecraft:iron_ingot":1,"minecraft:diamond_helmet":2,"minecraft:glass_bottle":1,"minecraft:coal_block":1,"minecraft:iron_sword":1,"minecraft:lime_shulker_box":1,"minecraft:raw_iron":571,"minecraft:raw_gold_block":112,"minecraft:cooked_porkchop":25,"minecraft:raw_iron_block":154,"minecraft:sand":3,"minecraft:grass_block":1,"minecraft:diamond_block":516,"minecraft:redstone":1142,"minecraft:spider_eye":3,"minecraft:rotten_flesh":7,"minecraft:diamond":1067,"minecraft:diamond_boots":1,"minecraft:iron_block":372,"minecraft:emerald":790,"minecraft:totem_of_undying":1,"minecraft:netherite_chestplate":1,"minecraft:coal":575,"minecraft:diamond_pickaxe":1,"minecraft:cobblestone":1016,"minecraft:ender_pearl":5},"minecraft:used":{"minecraft:stone_sword":48,"minecraft:diamond_boots":1,"minecraft:netherite_chestplate":1,"minecraft:stone_pickaxe":44,"minecraft:ender_pearl":9,"minecraft:shield":1,"minecraft:diamond_axe":43,"minecraft:iron_chestplate":1,"minecraft:torch":2,"minecraft:anvil":1,"minecraft:crafting_table":2,"minecraft:jungle_planks":7,"minecraft:diamond_helmet":2,"minecraft:raw_iron_block":1,"minecraft:lime_shulker_box":1,"minecraft:diamond_pickaxe":4131,"minecraft:iron_pickaxe":224,"minecraft:iron_boots":1,"minecraft:netherite_boots":1,"minecraft:diamond_sword":8,"minecraft:potion":9,"minecraft:cooked_beef":17,"minecraft:splash_potion":2,"minecraft:iron_leggings":1,"minecraft:diamond_leggings":2,"minecraft:experience_bottle":64},"minecraft:custom":{"minecraft:interact_with_smithing_table":5,"minecraft:interact_with_anvil":6,"minecraft:mob_kills":10,"minecraft:interact_with_crafting_table":17,"minecraft:open_shulker_box":6,"minecraft:leave_game":3,"minecraft:time_since_death":180397,"minecraft:climb_one_cm":31641,"minecraft:time_since_rest":180397,"minecraft:sprint_one_cm":122359,"minecraft:open_enderchest":5,"minecraft:damage_taken":1292,"minecraft:walk_one_cm":344895,"minecraft:damage_blocked_by_shield":129,"minecraft:drop":244,"minecraft:damage_dealt":1567,"minecraft:fly_one_cm":111195,"minecraft:open_chest":16,"minecraft:crouch_one_cm":80620,"minecraft:play_time":180397,"minecraft:sneak_time":19824,"minecraft:jump":3025,"minecraft:walk_on_water_one_cm":501,"minecraft:total_world_time":180397,"minecraft:fall_one_cm":48384,"minecraft:inspect_dispenser":1}},"DataVersion":3955}