{"stats":{"minecraft:crafted":{"minecraft:cherry_planks":8,"minecraft:diamond_shovel":1},"minecraft:dropped":{"minecraft:iron_ingot":45,"minecraft:orange_shulker_box":6,"minecraft:soul_sand":6,"minecraft:soul_soil":4,"minecraft:wheat_seeds":6,"minecraft:stone_sword":1,"minecraft:lime_shulker_box":2,"minecraft:cooked_porkchop":69,"minecraft:cherry_sapling":6,"minecraft:iron_helmet":2,"minecraft:rotten_flesh":22,"minecraft:oak_planks":122,"minecraft:iron_boots":1,"minecraft:cooked_mutton":64,"minecraft:coal":26,"minecraft:stick":1,"minecraft:dirt":413,"minecraft:mud_brick_wall":1,"minecraft:golden_carrot":9,"minecraft:iron_chestplate":2,"minecraft:cherry_planks":8,"minecraft:phantom_membrane":12,"minecraft:spider_eye":4,"minecraft:sand":1,"minecraft:iron_leggings":2,"minecraft:iron_axe":2,"minecraft:stone_pickaxe":1,"minecraft:iron_pickaxe":1,"minecraft:string":6,"minecraft:pink_petals":100,"minecraft:bone":4},"minecraft:used":{"minecraft:stone_sword":8,"minecraft:iron_shovel":36,"minecraft:stone_shovel":96,"minecraft:shield":46,"minecraft:iron_sword":21,"minecraft:diamond_axe":20,"minecraft:diamond_block":8,"minecraft:dirt":204,"minecraft:sand":3,"minecraft:jungle_planks":2,"minecraft:lime_shulker_box":3,"minecraft:oak_log":2,"minecraft:diamond_pickaxe":237,"minecraft:diamond_shovel":707,"minecraft:orange_shulker_box":14,"minecraft:diamond_sword":182,"minecraft:bow":26,"minecraft:cobblestone":12,"minecraft:golden_carrot":1,"minecraft:cooked_porkchop":33,"minecraft:white_concrete":2,"minecraft:experience_bottle":128,"minecraft:splash_potion":1},"minecraft:mined":{"minecraft:cherry_log":5,"minecraft:jungle_leaves":2,"minecraft:short_grass":56,"minecraft:grass_block":332,"minecraft:poppy":1,"minecraft:orange_shulker_box":11,"minecraft:white_concrete":2,"minecraft:soul_soil":1,"minecraft:lime_shulker_box":2,"minecraft:pink_petals":18,"minecraft:fire":1,"minecraft:diamond_block":17,"minecraft:bee_nest":1,"minecraft:oak_log":7,"minecraft:coal_ore":3,"minecraft:cherry_leaves":261,"minecraft:sunflower":1,"minecraft:sand":3,"minecraft:dirt":490,"minecraft:stone":173,"minecraft:oak_leaves":42},"minecraft:broken":{"minecraft:iron_helmet":1,"minecraft:stone_shovel":1},"minecraft:picked_up":{"minecraft:pink_petals":100,"minecraft:iron_chestplate":2,"minecraft:splash_potion":3,"minecraft:magma_cream":6,"minecraft:golden_carrot":30,"minecraft:diamond_sword":1,"minecraft:gold_block":5,"minecraft:oak_log":3,"minecraft:shield":1,"minecraft:string":25,"minecraft:dirt":731,"minecraft:soul_soil":16,"minecraft:iron_axe":2,"minecraft:iron_leggings":3,"minecraft:iron_shovel":2,"minecraft:experience_bottle":192,"minecraft:bone":5,"minecraft:bow":2,"minecraft:wheat_seeds":8,"minecraft:iron_ingot":119,"minecraft:stone_pickaxe":1,"minecraft:iron_pickaxe":3,"minecraft:coal_block":3,"minecraft:oak_planks":122,"minecraft:soul_sand":6,"minecraft:phantom_membrane":19,"minecraft:iron_boots":1,"minecraft:lime_shulker_box":4,"minecraft:stick":3,"minecraft:orange_shulker_box":14,"minecraft:cooked_porkchop":151,"minecraft:torch":19,"minecraft:jungle_planks":2,"minecraft:sand":4,"minecraft:cherry_log":2,"minecraft:mud_brick_wall":1,"minecraft:diamond_block":13,"minecraft:spider_eye":9,"minecraft:diamond_shovel":1,"minecraft:stone_sword":1,"minecraft:rotten_flesh":22,"minecraft:arrow":142,"minecraft:diamond_chestplate":1,"minecraft:stone_shovel":1,"minecraft:diamond":3,"minecraft:diamond_boots":1,"minecraft:iron_helmet":3,"minecraft:iron_block":1,"minecraft:diamond_axe":1,"minecraft:cherry_sapling":6,"minecraft:white_concrete":2,"minecraft:gold_ingot":4,"minecraft:coal":35,"minecraft:diamond_pickaxe":1,"minecraft:ender_pearl":7,"minecraft:cobblestone":234,"minecraft:sunflower":11},"minecraft:killed":{"minecraft:magma_cube":8,"minecraft:spider":8,"minecraft:slime":1,"minecraft:phantom":6,"minecraft:skeleton":10,"minecraft:zombie":12,"minecraft:bee":2,"minecraft:enderman":2},"minecraft:killed_by":{"minecraft:warden":1},"minecraft:custom":{"minecraft:mob_kills":51,"minecraft:interact_with_crafting_table":1,"minecraft:open_shulker_box":70,"minecraft:damage_dealt_resisted":576,"minecraft:interact_with_stonecutter":1,"minecraft:leave_game":18,"minecraft:time_since_death":97454,"minecraft:sleep_in_bed":2,"minecraft:climb_one_cm":711,"minecraft:time_since_rest":97510,"minecraft:sprint_one_cm":355290,"minecraft:open_enderchest":3,"minecraft:damage_taken":1970,"minecraft:walk_one_cm":586865,"minecraft:damage_blocked_by_shield":1219,"minecraft:drop":93,"minecraft:damage_dealt":3673,"minecraft:swim_one_cm":28275,"minecraft:fly_one_cm":413394,"minecraft:player_kills":2,"minecraft:open_chest":5,"minecraft:deaths":3,"minecraft:crouch_one_cm":18585,"minecraft:play_time":400759,"minecraft:sneak_time":14657,"minecraft:walk_under_water_one_cm":4361,"minecraft:jump":10615,"minecraft:walk_on_water_one_cm":5152,"minecraft:total_world_time":400759,"minecraft:horse_one_cm":207,"minecraft:fall_one_cm":40203}},"DataVersion":3955}