{"stats":{"minecraft:custom":{"minecraft:interact_with_furnace":3,"minecraft:mob_kills":8,"minecraft:interact_with_crafting_table":8,"minecraft:open_shulker_box":1,"minecraft:leave_game":1,"minecraft:time_since_death":47726,"minecraft:sleep_in_bed":7,"minecraft:time_since_rest":1990,"minecraft:sprint_one_cm":86473,"minecraft:damage_taken":374,"minecraft:walk_one_cm":119181,"minecraft:damage_blocked_by_shield":466,"minecraft:drop":4,"minecraft:damage_dealt":1480,"minecraft:swim_one_cm":760,"minecraft:fly_one_cm":91972,"minecraft:open_chest":4,"minecraft:crouch_one_cm":8489,"minecraft:play_time":47726,"minecraft:sneak_time":4608,"minecraft:walk_under_water_one_cm":37,"minecraft:jump":551,"minecraft:walk_on_water_one_cm":2187,"minecraft:total_world_time":47726,"minecraft:fall_one_cm":14302},"minecraft:mined":{"minecraft:oak_slab":1,"minecraft:oak_fence":2,"minecraft:crafting_table":2,"minecraft:torch":1,"minecraft:short_grass":1,"minecraft:grass_block":1,"minecraft:dead_bush":1,"minecraft:cobblestone":25,"minecraft:lime_shulker_box":1,"minecraft:cyan_bed":2,"minecraft:oak_planks":12,"minecraft:wall_torch":1,"minecraft:hay_block":39,"minecraft:cactus":1,"minecraft:oak_log":108,"minecraft:coal_ore":49,"minecraft:oak_stairs":8,"minecraft:sand":85,"minecraft:gravel":1,"minecraft:stripped_oak_log":6,"minecraft:azalea_leaves":4,"minecraft:stone":117,"minecraft:oak_leaves":780},"minecraft:killed":{"minecraft:husk":3,"minecraft:spider":2,"minecraft:skeleton":1,"minecraft:villager":1},"minecraft:dropped":{"minecraft:stone_axe":1,"minecraft:stone_sword":1,"minecraft:stone_shovel":1,"minecraft:stone_pickaxe":1},"minecraft:crafted":{"minecraft:oak_slab":42,"minecraft:oak_planks":260,"minecraft:wooden_shovel":1,"minecraft:crafting_table":2,"minecraft:furnace":1,"minecraft:glass":53,"minecraft:stick":4,"minecraft:oak_stairs":84,"minecraft:chest":2,"minecraft:torch":44},"minecraft:picked_up":{"minecraft:stripped_oak_log":7,"minecraft:crafting_table":2,"minecraft:oak_stairs":8,"minecraft:flint":4,"minecraft:oak_log":58,"minecraft:string":2,"minecraft:dirt":1,"minecraft:apple":4,"minecraft:wheat_seeds":1,"minecraft:azalea":1,"minecraft:oak_planks":12,"minecraft:lime_shulker_box":1,"minecraft:oak_slab":1,"minecraft:stick":9,"minecraft:sandstone":1,"minecraft:oak_fence":4,"minecraft:torch":3,"minecraft:gravel":21,"minecraft:sand":136,"minecraft:cyan_bed":2,"minecraft:cactus":2,"minecraft:arrow":1,"minecraft:rotten_flesh":2,"minecraft:hay_block":37,"minecraft:oak_sapling":15,"minecraft:coal":49,"minecraft:cobblestone":130},"minecraft:used":{"minecraft:oak_planks":95,"minecraft:chest":2,"minecraft:shield":16,"minecraft:iron_sword":41,"minecraft:wooden_shovel":58,"minecraft:torch":3,"minecraft:sand":6,"minecraft:oak_slab":4,"minecraft:crafting_table":3,"minecraft:lime_shulker_box":1,"minecraft:glass":14,"minecraft:oak_stairs":40,"minecraft:iron_axe":62,"minecraft:cyan_bed":2,"minecraft:iron_pickaxe":197,"minecraft:coal_block":1,"minecraft:cobblestone":107,"minecraft:furnace":1,"minecraft:cooked_porkchop":5,"minecraft:experience_bottle":16}},"DataVersion":3955}