{"stats":{"minecraft:custom":{"minecraft:interact_with_smithing_table":2,"minecraft:interact_with_furnace":4,"minecraft:mob_kills":23,"minecraft:interact_with_crafting_table":5,"minecraft:open_shulker_box":28,"minecraft:bell_ring":3,"minecraft:leave_game":14,"minecraft:time_since_death":25024,"minecraft:sleep_in_bed":1,"minecraft:climb_one_cm":3129,"minecraft:time_since_rest":25144,"minecraft:sprint_one_cm":455854,"minecraft:open_enderchest":24,"minecraft:damage_taken":5603,"minecraft:walk_one_cm":375907,"minecraft:damage_blocked_by_shield":120,"minecraft:drop":4,"minecraft:damage_dealt":4828,"minecraft:swim_one_cm":18173,"minecraft:talked_to_villager":1,"minecraft:fly_one_cm":342227,"minecraft:open_chest":10,"minecraft:crouch_one_cm":4052,"minecraft:play_time":203071,"minecraft:deaths":8,"minecraft:sneak_time":7322,"minecraft:walk_under_water_one_cm":177,"minecraft:jump":5287,"minecraft:walk_on_water_one_cm":6282,"minecraft:total_world_time":203071,"minecraft:fall_one_cm":32046},"minecraft:dropped":{"minecraft:stone_sword":1,"minecraft:poppy":2,"minecraft:sand":13,"minecraft:stone_pickaxe":1},"minecraft:picked_up":{"minecraft:stripped_oak_log":1,"minecraft:birch_log":6,"minecraft:iron_chestplate":1,"minecraft:golden_carrot":22,"minecraft:jungle_log":50,"minecraft:diamond_sword":1,"minecraft:oak_log":15,"minecraft:wither_skeleton_skull":3,"minecraft:dirt":1,"minecraft:string":4,"minecraft:stripped_birch_log":2,"minecraft:iron_axe":1,"minecraft:bone":27,"minecraft:iron_ingot":46,"minecraft:stone_pickaxe":2,"minecraft:poppy":4,"minecraft:iron_pickaxe":1,"minecraft:blue_shulker_box":7,"minecraft:birch_sapling":1,"minecraft:iron_sword":1,"minecraft:lime_shulker_box":2,"minecraft:stick":12,"minecraft:raw_iron":11,"minecraft:cooked_porkchop":18,"minecraft:raw_gold_block":10,"minecraft:oak_fence":2,"minecraft:torch":1,"minecraft:green_bed":2,"minecraft:raw_iron_block":13,"minecraft:porkchop":2,"minecraft:sand":13,"minecraft:cyan_bed":1,"minecraft:stone_sword":2,"minecraft:arrow":13,"minecraft:stone_shovel":1,"minecraft:rotten_flesh":3,"minecraft:stone_axe":1,"minecraft:iron_helmet":1,"minecraft:iron_block":3,"minecraft:emerald":14,"minecraft:gold_ingot":2,"minecraft:dark_oak_wood":3,"minecraft:mutton":3,"minecraft:coal":36,"minecraft:white_wool":4,"minecraft:cobblestone":101},"minecraft:killed_by":{"minecraft:player":1,"minecraft:wither_skeleton":1,"minecraft:spider":1,"minecraft:zombie":2},"minecraft:killed":{"minecraft:husk":2,"minecraft:pig":1,"minecraft:skeleton":5,"minecraft:sheep":2,"minecraft:zombie":1,"minecraft:wither_skeleton":11,"minecraft:enderman":1},"minecraft:crafted":{"minecraft:oak_planks":16,"minecraft:crafting_table":1,"minecraft:furnace":1,"minecraft:cooked_mutton":3,"minecraft:stick":4,"minecraft:torch":16},"minecraft:used":{"minecraft:cooked_mutton":3,"minecraft:stone_sword":74,"minecraft:wither_skeleton_skull":1,"minecraft:stone_pickaxe":86,"minecraft:shield":3,"minecraft:iron_sword":219,"minecraft:green_bed":1,"minecraft:rotten_flesh":1,"minecraft:torch":1,"minecraft:crafting_table":1,"minecraft:lime_shulker_box":3,"minecraft:oak_log":1,"minecraft:iron_axe":36,"minecraft:bread":8,"minecraft:string":1,"minecraft:iron_pickaxe":9,"minecraft:stone_axe":40,"minecraft:diamond_sword":23,"minecraft:cobblestone":24,"minecraft:golden_carrot":9,"minecraft:blue_shulker_box":7,"minecraft:furnace":1,"minecraft:cooked_porkchop":30,"minecraft:stripped_oak_log":1,"minecraft:experience_bottle":63},"minecraft:broken":{"minecraft:iron_boots":1,"minecraft:iron_helmet":1,"minecraft:iron_leggings":1},"minecraft:mined":{"minecraft:stripped_birch_log":3,"minecraft:oak_fence":1,"minecraft:short_grass":9,"minecraft:poppy":1,"minecraft:dead_bush":1,"minecraft:cobblestone":5,"minecraft:mud_brick_wall":2,"minecraft:lime_shulker_box":2,"minecraft:cyan_bed":1,"minecraft:birch_log":7,"minecraft:iron_ore":5,"minecraft:birch_leaves":55,"minecraft:coal_ore":32,"minecraft:oak_log":39,"minecraft:stripped_oak_log":3,"minecraft:azalea_leaves":8,"minecraft:blue_shulker_box":7,"minecraft:wither_skeleton_skull":1,"minecraft:stone":43,"minecraft:oak_leaves":668,"minecraft:green_bed":2}},"DataVersion":3955}