{"stats":{"minecraft:custom":{"minecraft:open_chest":2,"minecraft:time_since_rest":6575,"minecraft:play_time":6575,"minecraft:sprint_one_cm":8254,"minecraft:damage_taken":25,"minecraft:walk_one_cm":7640,"minecraft:mob_kills":1,"minecraft:jump":64,"minecraft:damage_dealt":140,"minecraft:leave_game":1,"minecraft:time_since_death":6575,"minecraft:walk_on_water_one_cm":530,"minecraft:total_world_time":6575,"minecraft:climb_one_cm":664,"minecraft:fall_one_cm":2303,"minecraft:fly_one_cm":13937},"minecraft:mined":{"minecraft:sand":2,"minecraft:dark_oak_log":1,"minecraft:mud_brick_wall":2},"minecraft:killed":{"minecraft:spider":1},"minecraft:crafted":{"minecraft:dark_oak_planks":4},"minecraft:picked_up":{"minecraft:sand":2,"minecraft:dark_oak_log":1,"minecraft:string":2},"minecraft:used":{"minecraft:stone_axe":1,"minecraft:stone_sword":7}},"DataVersion":3955}