{"stats":{"minecraft:custom":{"minecraft:time_since_rest":22616,"minecraft:open_chest":6,"minecraft:walk_one_cm":34126,"minecraft:open_shulker_box":4,"minecraft:crouch_one_cm":460,"minecraft:play_time":27012,"minecraft:sprint_one_cm":47930,"minecraft:open_enderchest":3,"minecraft:damage_taken":300,"minecraft:deaths":1,"minecraft:sneak_time":479,"minecraft:walk_under_water_one_cm":272,"minecraft:drop":1,"minecraft:jump":167,"minecraft:leave_game":3,"minecraft:walk_on_water_one_cm":488,"minecraft:time_since_death":22560,"minecraft:total_world_time":27012,"minecraft:swim_one_cm":4376,"minecraft:fall_one_cm":1637,"minecraft:fly_one_cm":22015},"minecraft:mined":{"minecraft:short_grass":3,"minecraft:dead_bush":1,"minecraft:orange_shulker_box":2,"minecraft:sand":2,"minecraft:tall_grass":3},"minecraft:dropped":{"minecraft:orange_shulker_box":1},"minecraft:picked_up":{"minecraft:orange_shulker_box":3},"minecraft:used":{"minecraft:bread":2,"minecraft:orange_shulker_box":2}},"DataVersion":3955}