{"stats":{"minecraft:dropped":{"minecraft:stone_sword":1,"minecraft:stone_axe":1,"minecraft:stone_pickaxe":1,"minecraft:stone_shovel":2},"minecraft:used":{"minecraft:lime_shulker_box":1,"minecraft:stone_sword":1},"minecraft:mined":{"minecraft:sand":1},"minecraft:picked_up":{"minecraft:stone_shovel":1},"minecraft:custom":{"minecraft:jump":11,"minecraft:time_since_rest":3114,"minecraft:leave_game":1,"minecraft:open_shulker_box":1,"minecraft:sprint_one_cm":5363,"minecraft:play_time":3114,"minecraft:time_since_death":3114,"minecraft:walk_one_cm":1245,"minecraft:total_world_time":3114,"minecraft:drop":5,"minecraft:fall_one_cm":209,"minecraft:fly_one_cm":3555}},"DataVersion":3955}