{"stats":{"minecraft:custom":{"minecraft:sprint_one_cm":43185,"minecraft:damage_taken":213,"minecraft:walk_one_cm":89662,"minecraft:mob_kills":3,"minecraft:drop":7,"minecraft:damage_dealt":540,"minecraft:fly_one_cm":77936,"minecraft:open_chest":4,"minecraft:crouch_one_cm":8,"minecraft:open_shulker_box":2,"minecraft:play_time":58401,"minecraft:sneak_time":72,"minecraft:jump":417,"minecraft:leave_game":3,"minecraft:walk_on_water_one_cm":67,"minecraft:time_since_death":58401,"minecraft:climb_one_cm":704,"minecraft:total_world_time":58401,"minecraft:fall_one_cm":10606,"minecraft:time_since_rest":58401},"minecraft:mined":{"minecraft:birch_log":18,"minecraft:stripped_birch_log":4,"minecraft:birch_leaves":109,"minecraft:oak_fence":1,"minecraft:short_grass":1,"minecraft:oak_log":15,"minecraft:sand":4,"minecraft:dirt":1,"minecraft:stripped_oak_log":1,"minecraft:oak_leaves":158},"minecraft:killed":{"minecraft:zombie":2,"minecraft:spider":1},"minecraft:dropped":{"minecraft:stone_axe":1,"minecraft:stone_sword":1,"minecraft:stone_shovel":1,"minecraft:rotten_flesh":4,"minecraft:stone_pickaxe":1,"minecraft:string":1},"minecraft:picked_up":{"minecraft:stripped_oak_log":2,"minecraft:lime_shulker_box":1,"minecraft:birch_log":10,"minecraft:stick":2,"minecraft:oak_fence":1,"minecraft:sand":7,"minecraft:oak_log":8,"minecraft:stripped_birch_log":3,"minecraft:string":1,"minecraft:dirt":1,"minecraft:rotten_flesh":4,"minecraft:apple":1,"minecraft:wheat_seeds":1,"minecraft:oak_sapling":2,"minecraft:birch_sapling":1},"minecraft:used":{"minecraft:iron_axe":14,"minecraft:iron_sword":13,"minecraft:sand":7,"minecraft:cooked_porkchop":4,"minecraft:birch_log":3,"minecraft:lime_shulker_box":1,"minecraft:experience_bottle":3}},"DataVersion":3955}