{"stats":{"minecraft:dropped":{"minecraft:white_concrete":2},"minecraft:crafted":{"minecraft:oak_planks":36,"minecraft:furnace":1},"minecraft:used":{"minecraft:oak_fence":8,"minecraft:stone_sword":3,"minecraft:iron_axe":7,"minecraft:stone_shovel":25,"minecraft:iron_pickaxe":188,"minecraft:iron_sword":6,"minecraft:torch":1,"minecraft:stone_axe":4,"minecraft:cobblestone":5,"minecraft:furnace":1,"minecraft:cooked_porkchop":3,"minecraft:white_concrete":2,"minecraft:lime_shulker_box":3},"minecraft:mined":{"minecraft:dark_oak_leaves":1211,"minecraft:dark_oak_log":234,"minecraft:oak_fence":6,"minecraft:short_grass":1,"minecraft:grass_block":2,"minecraft:oak_log":14,"minecraft:sand":20,"minecraft:dirt":43,"minecraft:white_concrete":4,"minecraft:copper_ore":4,"minecraft:cobblestone":1,"minecraft:stone":140,"minecraft:lime_shulker_box":2,"minecraft:sugar_cane":2,"minecraft:oak_leaves":150},"minecraft:picked_up":{"minecraft:lime_shulker_box":2,"minecraft:dark_oak_sapling":37,"minecraft:stick":19,"minecraft:golden_carrot":17,"minecraft:oak_fence":12,"minecraft:leather":2,"minecraft:torch":59,"minecraft:sand":20,"minecraft:oak_log":13,"minecraft:dark_oak_log":162,"minecraft:dirt":43,"minecraft:raw_copper":12,"minecraft:bone":1,"minecraft:arrow":1,"minecraft:apple":5,"minecraft:beef":1,"minecraft:white_concrete":8,"minecraft:oak_sapling":3,"minecraft:sugar_cane":4,"minecraft:cobblestone":156},"minecraft:killed":{"minecraft:skeleton":1,"minecraft:cow":1},"minecraft:custom":{"minecraft:time_since_rest":18604,"minecraft:interact_with_furnace":3,"minecraft:sprint_one_cm":92434,"minecraft:damage_taken":24,"minecraft:walk_one_cm":66504,"minecraft:mob_kills":2,"minecraft:drop":1,"minecraft:damage_dealt":340,"minecraft:swim_one_cm":4586,"minecraft:interact_with_crafting_table":1,"minecraft:fly_one_cm":91927,"minecraft:open_chest":1,"minecraft:crouch_one_cm":223,"minecraft:open_shulker_box":19,"minecraft:play_time":32865,"minecraft:sneak_time":322,"minecraft:walk_under_water_one_cm":103,"minecraft:jump":406,"minecraft:leave_game":1,"minecraft:walk_on_water_one_cm":8943,"minecraft:time_since_death":32865,"minecraft:sleep_in_bed":1,"minecraft:total_world_time":32865,"minecraft:fall_one_cm":6134}},"DataVersion":3955}