{"stats":{"minecraft:broken":{"minecraft:iron_pickaxe":1},"minecraft:crafted":{"minecraft:crafting_table":2,"minecraft:diamond_pickaxe":1,"minecraft:stick":4,"minecraft:chest":5,"minecraft:acacia_planks":80},"minecraft:dropped":{"minecraft:lapis_lazuli":60,"minecraft:diamond":7,"minecraft:raw_iron":10,"minecraft:cobblestone":83,"minecraft:coal":5,"minecraft:leather_helmet":2,"minecraft:raw_gold_block":12,"minecraft:polished_andesite":33,"minecraft:emerald":8,"minecraft:leather_chestplate":2,"minecraft:leather_boots":2,"minecraft:leather_leggings":2,"minecraft:raw_gold":6,"minecraft:acacia_planks":12,"minecraft:redstone":23},"minecraft:killed":{"minecraft:zombie":1,"minecraft:mooshroom":1},"minecraft:mined":{"minecraft:deepslate_redstone_ore":29,"minecraft:acacia_leaves":181,"minecraft:redstone_block":15,"minecraft:deepslate_diamond_ore":46,"minecraft:short_grass":4,"minecraft:acacia_log":32,"minecraft:grass_block":3,"minecraft:redstone_wire":1,"minecraft:copper_ore":7,"minecraft:cobblestone":25,"minecraft:deepslate_coal_ore":28,"minecraft:deepslate_gold_ore":39,"minecraft:lime_shulker_box":1,"minecraft:raw_iron_block":20,"minecraft:raw_gold_block":13,"minecraft:lapis_block":42,"minecraft:iron_ore":3,"minecraft:diamond_block":135,"minecraft:deepslate_lapis_ore":29,"minecraft:gold_block":39,"minecraft:deepslate_iron_ore":35,"minecraft:lantern":5,"minecraft:dirt":48,"minecraft:stripped_acacia_log":6,"minecraft:polished_andesite":10,"minecraft:stone":901,"minecraft:iron_block":106,"minecraft:deepslate_emerald_ore":21},"minecraft:picked_up":{"minecraft:leather_chestplate":2,"minecraft:redstone_block":15,"minecraft:anvil":1,"minecraft:leather_leggings":2,"minecraft:gold_block":38,"minecraft:lapis_block":41,"minecraft:lapis_lazuli":172,"minecraft:dirt":51,"minecraft:lantern":6,"minecraft:raw_copper":24,"minecraft:leather_boots":2,"minecraft:acacia_planks":10,"minecraft:raw_gold":38,"minecraft:iron_ingot":63,"minecraft:acacia_sapling":1,"minecraft:lime_shulker_box":1,"minecraft:stick":2,"minecraft:raw_iron":40,"minecraft:raw_gold_block":12,"minecraft:acacia_log":17,"minecraft:raw_iron_block":20,"minecraft:diamond_block":126,"minecraft:redstone":124,"minecraft:leather_helmet":2,"minecraft:polished_andesite":43,"minecraft:stripped_acacia_log":4,"minecraft:diamond":45,"minecraft:iron_block":98,"minecraft:emerald":18,"minecraft:coal":25,"minecraft:cobblestone":872},"minecraft:used":{"minecraft:acacia_log":1,"minecraft:redstone":1,"minecraft:stone_pickaxe":6,"minecraft:polished_andesite":27,"minecraft:chest":5,"minecraft:iron_sword":28,"minecraft:iron_chestplate":1,"minecraft:anvil":2,"minecraft:crafting_table":2,"minecraft:lime_shulker_box":2,"minecraft:diamond_pickaxe":484,"minecraft:grass_block":1,"minecraft:lantern":13,"minecraft:iron_block":3,"minecraft:iron_axe":19,"minecraft:iron_pickaxe":1078,"minecraft:iron_helmet":2,"minecraft:iron_boots":1,"minecraft:coal_block":1,"minecraft:cobblestone":94,"minecraft:cooked_porkchop":9,"minecraft:iron_leggings":1,"minecraft:experience_bottle":64},"minecraft:custom":{"minecraft:interact_with_anvil":4,"minecraft:mob_kills":2,"minecraft:interact_with_crafting_table":4,"minecraft:open_shulker_box":2,"minecraft:leave_game":3,"minecraft:time_since_death":97282,"minecraft:climb_one_cm":18211,"minecraft:time_since_rest":97282,"minecraft:sprint_one_cm":177259,"minecraft:open_enderchest":1,"minecraft:damage_taken":642,"minecraft:walk_one_cm":280861,"minecraft:drop":28,"minecraft:damage_dealt":123,"minecraft:swim_one_cm":5198,"minecraft:fly_one_cm":86482,"minecraft:open_chest":13,"minecraft:crouch_one_cm":6295,"minecraft:play_time":97282,"minecraft:sneak_time":1837,"minecraft:walk_under_water_one_cm":79,"minecraft:jump":704,"minecraft:walk_on_water_one_cm":1524,"minecraft:total_world_time":97282,"minecraft:fall_one_cm":21734}},"DataVersion":3955}