{"stats":{"minecraft:crafted":{"minecraft:crafting_table":1,"minecraft:diamond_block":24,"minecraft:jungle_planks":8,"minecraft:diamond":18,"minecraft:emerald_block":5,"minecraft:diamond_pickaxe":1,"minecraft:stick":8,"minecraft:iron_ingot":99,"minecraft:iron_block":5,"minecraft:anvil":1,"minecraft:lapis_block":9},"minecraft:dropped":{"minecraft:enchanted_book":2,"minecraft:iron_ingot":1,"minecraft:anvil":1,"minecraft:stone_axe":1,"minecraft:lapis_lazuli":193,"minecraft:cooked_beef":2,"minecraft:stone_sword":1,"minecraft:ender_pearl":5,"minecraft:diamond":1,"minecraft:glass_bottle":3,"minecraft:cooked_porkchop":25,"minecraft:netherite_chestplate":1,"minecraft:diamond_leggings":1,"minecraft:raw_iron":143,"minecraft:stone_shovel":1,"minecraft:iron_helmet":1,"minecraft:cobblestone":385,"minecraft:rotten_flesh":5,"minecraft:iron_boots":1,"minecraft:leather":2,"minecraft:totem_of_undying":1,"minecraft:coal":160,"minecraft:leather_helmet":1,"minecraft:raw_gold_block":48,"minecraft:coal_block":1,"minecraft:emerald":5,"minecraft:iron_block":43,"minecraft:leather_chestplate":1,"minecraft:diamond_pickaxe":1,"minecraft:iron_chestplate":1,"minecraft:jungle_log":15,"minecraft:diamond_helmet":1,"minecraft:potion":2,"minecraft:iron_leggings":1,"minecraft:diamond_boots":1,"minecraft:raw_iron_block":50,"minecraft:stone_pickaxe":1,"minecraft:raw_gold":234,"minecraft:iron_pickaxe":1,"minecraft:string":6,"minecraft:lapis_block":25,"minecraft:redstone":212},"minecraft:killed":{"minecraft:spider":1,"minecraft:zombie":5},"minecraft:mined":{"minecraft:deepslate_redstone_ore":61,"minecraft:redstone_block":39,"minecraft:deepslate_diamond_ore":141,"minecraft:crafting_table":2,"minecraft:cobblestone":3,"minecraft:deepslate_coal_ore":107,"minecraft:deepslate_gold_ore":148,"minecraft:damaged_anvil":1,"minecraft:raw_iron_block":67,"minecraft:raw_gold_block":63,"minecraft:lapis_block":77,"minecraft:diamond_block":227,"minecraft:deepslate_lapis_ore":93,"minecraft:gold_block":67,"minecraft:deepslate_iron_ore":122,"minecraft:sand":1,"minecraft:stone":461,"minecraft:iron_block":118,"minecraft:chipped_anvil":1,"minecraft:deepslate_emerald_ore":71},"minecraft:picked_up":{"minecraft:iron_chestplate":1,"minecraft:crafting_table":2,"minecraft:cooked_beef":2,"minecraft:redstone_block":35,"minecraft:leather":1,"minecraft:gold_block":60,"minecraft:lapis_block":73,"minecraft:lapis_lazuli":479,"minecraft:string":6,"minecraft:iron_axe":1,"minecraft:iron_leggings":1,"minecraft:chipped_anvil":1,"minecraft:raw_gold":232,"minecraft:iron_ingot":15,"minecraft:iron_pickaxe":1,"minecraft:iron_boots":1,"minecraft:raw_iron":140,"minecraft:raw_gold_block":48,"minecraft:raw_iron_block":50,"minecraft:diamond_block":221,"minecraft:redstone":247,"minecraft:rotten_flesh":5,"minecraft:diamond":233,"minecraft:iron_helmet":1,"minecraft:iron_block":115,"minecraft:emerald":109,"minecraft:damaged_anvil":1,"minecraft:coal":159,"minecraft:cobblestone":410},"minecraft:custom":{"minecraft:interact_with_anvil":5,"minecraft:mob_kills":6,"minecraft:interact_with_crafting_table":6,"minecraft:open_shulker_box":1,"minecraft:leave_game":2,"minecraft:time_since_death":96389,"minecraft:climb_one_cm":11281,"minecraft:time_since_rest":96389,"minecraft:sprint_one_cm":93449,"minecraft:open_enderchest":1,"minecraft:damage_taken":608,"minecraft:walk_one_cm":185571,"minecraft:drop":75,"minecraft:damage_dealt":815,"minecraft:fly_one_cm":63329,"minecraft:open_chest":2,"minecraft:crouch_one_cm":3125,"minecraft:play_time":96389,"minecraft:sneak_time":1457,"minecraft:jump":661,"minecraft:total_world_time":96389,"minecraft:fall_one_cm":19401},"minecraft:used":{"minecraft:stone_sword":10,"minecraft:netherite_chestplate":1,"minecraft:ender_pearl":4,"minecraft:iron_sword":24,"minecraft:anvil":1,"minecraft:crafting_table":3,"minecraft:lime_shulker_box":1,"minecraft:diamond_pickaxe":1141,"minecraft:chipped_anvil":1,"minecraft:iron_axe":3,"minecraft:iron_pickaxe":726,"minecraft:cobblestone":25,"minecraft:potion":3,"minecraft:cooked_porkchop":7,"minecraft:splash_potion":4,"minecraft:experience_bottle":74}},"DataVersion":3955}