{"stats":{"minecraft:custom":{"minecraft:mob_kills":3,"minecraft:interact_with_crafting_table":2,"minecraft:open_shulker_box":2,"minecraft:leave_game":17,"minecraft:time_since_death":251,"minecraft:time_since_rest":405,"minecraft:sprint_one_cm":139675,"minecraft:open_enderchest":3,"minecraft:damage_taken":2189,"minecraft:walk_one_cm":382026,"minecraft:drop":14,"minecraft:damage_dealt":649,"minecraft:swim_one_cm":9129,"minecraft:fly_one_cm":27981,"minecraft:crouch_one_cm":316,"minecraft:play_time":196213,"minecraft:deaths":8,"minecraft:sneak_time":575,"minecraft:walk_under_water_one_cm":10313,"minecraft:jump":403,"minecraft:walk_on_water_one_cm":10227,"minecraft:total_world_time":196213,"minecraft:fall_one_cm":10939},"minecraft:killed_by":{"minecraft:player":1,"minecraft:skeleton":1,"minecraft:spider":1},"minecraft:mined":{"minecraft:acacia_leaves":1,"minecraft:cherry_log":5,"minecraft:short_grass":1,"minecraft:acacia_log":14,"minecraft:grass_block":2,"minecraft:tall_grass":1,"minecraft:lime_shulker_box":1,"minecraft:mud_brick_wall":7,"minecraft:pink_petals":4,"minecraft:oak_log":18,"minecraft:cherry_leaves":4,"minecraft:sand":2,"minecraft:dirt":10,"minecraft:stripped_oak_log":3,"minecraft:oak_leaves":165},"minecraft:killed":{"minecraft:spider":2,"minecraft:zombie":1},"minecraft:dropped":{"minecraft:cherry_sapling":1,"minecraft:cobblestone":12,"minecraft:oak_planks":2,"minecraft:shield":1,"minecraft:mud_brick_wall":1,"minecraft:wooden_shovel":3,"minecraft:spider_eye":1,"minecraft:magma_cream":2,"minecraft:string":4,"minecraft:acacia_planks":16},"minecraft:crafted":{"minecraft:cherry_planks":4,"minecraft:oak_planks":84,"minecraft:wooden_shovel":1,"minecraft:crafting_table":1,"minecraft:stick":40,"minecraft:iron_shovel":1,"minecraft:acacia_planks":20},"minecraft:picked_up":{"minecraft:stripped_oak_log":6,"minecraft:pink_petals":22,"minecraft:iron_chestplate":1,"minecraft:magma_cream":7,"minecraft:splash_potion":1,"minecraft:golden_carrot":10,"minecraft:oak_log":15,"minecraft:shield":2,"minecraft:dirt":57,"minecraft:string":9,"minecraft:soul_soil":2,"minecraft:iron_axe":2,"minecraft:iron_leggings":2,"minecraft:experience_bottle":64,"minecraft:apple":2,"minecraft:bow":1,"minecraft:iron_ingot":3,"minecraft:iron_pickaxe":1,"minecraft:player_head":1,"minecraft:wooden_shovel":2,"minecraft:coal_block":1,"minecraft:iron_sword":1,"minecraft:oak_planks":123,"minecraft:soul_sand":5,"minecraft:iron_boots":1,"minecraft:egg":1,"minecraft:lime_shulker_box":2,"minecraft:stick":67,"minecraft:cooked_porkchop":31,"minecraft:torch":1,"minecraft:acacia_log":5,"minecraft:sand":11,"minecraft:cherry_log":13,"minecraft:mud_brick_wall":3,"minecraft:spider_eye":3,"minecraft:rotten_flesh":9,"minecraft:iron_helmet":2,"minecraft:cherry_sapling":1,"minecraft:oak_sapling":8,"minecraft:cobblestone":12},"minecraft:used":{"minecraft:stone_sword":5,"minecraft:iron_sword":19,"minecraft:wooden_shovel":11,"minecraft:dirt":8,"minecraft:lime_shulker_box":2,"minecraft:iron_axe":26,"minecraft:iron_pickaxe":3,"minecraft:coal_block":1,"minecraft:oak_sapling":8,"minecraft:cooked_porkchop":1,"minecraft:splash_potion":1}},"DataVersion":3955}